Country;1986 ;1987 ;1988 ;1989 ;1990 ;1991 ;1992 ;1993 ;1994 ;1995 ;1996 ;1997 ;1998 ;1999 ;2000 ;2001 ;2002 ;2003 ;2004 ;2005 ;2006 ;2007 ;2008 ;2009 ;2010 ;2011 ;2012 ;2013 ;2014 ;2015 ;2016 ;2017 ;2018 ;2019 ;2020 ;;
Afghanistan;40 ;64 ;60 ;134 ;172 ;200 ;258 ;141 ;156 ;109 ;180 ;205 ;232 ;362 ;444 ;526 ;239 ;227 ;215 ;243 ;248 ;322 ;405 ;751 ;670 ;1’052 ;1’386 ;892 ;747 ;7’831 ;3’229 ;1’217 ;1’186 ;1’397 ;885 ;;
Ägypten;11 ;11 ;16 ;10 ;25 ;28 ;16 ;26 ;8 ;5 ;12 ;9 ;14 ;13 ;11 ;12 ;16 ;22 ;13 ;9 ;15 ;20 ;13 ;27 ;50 ;111 ;177 ;198 ;123 ;91 ;56 ;53 ;31 ;44 ;17 ;;
Albanien;2 ;3 ;10 ;15 ;259 ;1’072 ;577 ;2’098 ;61 ;98 ;792 ;3’337 ;4’083 ;1’422 ;350 ;212 ;160 ;118 ;79 ;52 ;29 ;30 ;27 ;22 ;16 ;59 ;82 ;105 ;128 ;451 ;157 ;137 ;95 ;134 ;49 ;;
Algerien;6 ;7 ;16 ;25 ;82 ;128 ;205 ;771 ;309 ;373 ;392 ;555 ;488 ;489 ;470 ;814 ;1’018 ;835 ;499 ;210 ;170 ;129 ;236 ;300 ;417 ;621 ;762 ;792 ;367 ;326 ;557 ;553 ;747 ;826 ;528 ;;
Angola;130 ;196 ;325 ;579 ;1’120 ;816 ;114 ;487 ;1’030 ;517 ;492 ;306 ;449 ;585 ;407 ;622 ;816 ;445 ;239 ;175 ;135 ;127 ;110 ;103 ;90 ;104 ;85 ;53 ;52 ;38 ;62 ;81 ;81 ;63 ;64 ;;
Äquatorialguinea;0 ;0 ;4 ;0 ;0 ;0 ;0 ;0 ;1 ;0 ;1 ;0 ;0 ;1 ;1 ;2 ;1 ;1 ;4 ;1 ;1 ;1 ;6 ;10 ;7 ;4 ;11 ;8 ;4 ;6 ;1 ;0 ;5 ;2 ;1 ;;
Argentinien;4 ;2 ;2 ;1 ;4 ;0 ;2 ;3 ;0 ;1 ;1 ;0 ;1 ;0 ;0 ;3 ;0 ;0 ;2 ;1 ;0 ;0 ;0 ;0 ;0 ;0 ;0 ;0 ;0 ;0 ;0 ;0 ;0 ;0 ;1 ;;
Armenien;1 ;0 ;0 ;0 ;0 ;0 ;3 ;27 ;28 ;22 ;52 ;190 ;480 ;457 ;405 ;354 ;499 ;407 ;363 ;199 ;123 ;47 ;59 ;90 ;105 ;105 ;109 ;153 ;91 ;52 ;54 ;72 ;45 ;40 ;13 ;;
Aserbaidschan;0 ;0 ;0 ;0 ;0 ;0 ;2 ;3 ;1 ;0 ;5 ;10 ;33 ;35 ;44 ;77 ;72 ;60 ;73 ;49 ;27 ;28 ;32 ;19 ;37 ;25 ;17 ;30 ;42 ;35 ;28 ;68 ;107 ;92 ;5 ;;
Äthiopien;142 ;105 ;108 ;112 ;140 ;241 ;66 ;74 ;100 ;144 ;178 ;257 ;250 ;232 ;293 ;272 ;373 ;337 ;198 ;125 ;292 ;272 ;231 ;183 ;182 ;241 ;328 ;246 ;346 ;599 ;1’036 ;349 ;247 ;171 ;94 ;;
Australien;0 ;0 ;0 ;0 ;0 ;1 ;1 ;0 ;0 ;0 ;0 ;0 ;1 ;0 ;1 ;0 ;0 ;0 ;0 ;1 ;0 ;0 ;0 ;0 ;0 ;0 ;2 ;0 ;1 ;0 ;1 ;0 ;0 ;1 ;0 ;;
Bahrain;0 ;0 ;0 ;0 ;0 ;0 ;0 ;0 ;0 ;1 ;0 ;0 ;0 ;0 ;0 ;1 ;1 ;0 ;0 ;0 ;0 ;0 ;0 ;0 ;3 ;2 ;3 ;0 ;0 ;1 ;0 ;2 ;0 ;1 ;1 ;;
Bangladesh;74 ;143 ;191 ;483 ;682 ;591 ;227 ;130 ;302 ;238 ;173 ;295 ;181 ;155 ;218 ;271 ;295 ;335 ;172 ;58 ;55 ;31 ;38 ;45 ;30 ;31 ;62 ;87 ;41 ;74 ;28 ;11 ;19 ;12 ;3 ;;
Barbados;0 ;0 ;0 ;0 ;2 ;0 ;1 ;0 ;0 ;0 ;0 ;0 ;0 ;0 ;1 ;0 ;0 ;0 ;0 ;0 ;0 ;0 ;0 ;0 ;0 ;0 ;0 ;0 ;0 ;0 ;0 ;0 ;0 ;0 ;0 ;;
Belarus;0 ;0 ;1 ;0 ;0 ;1 ;3 ;5 ;12 ;12 ;12 ;26 ;56 ;78 ;79 ;135 ;268 ;328 ;132 ;73 ;55 ;36 ;38 ;76 ;76 ;127 ;158 ;133 ;62 ;54 ;65 ;60 ;60 ;31 ;17 ;;
Belgien;0 ;0 ;0 ;0 ;0 ;0 ;0 ;2 ;0 ;0 ;1 ;0 ;0 ;0 ;0 ;0 ;3 ;1 ;5 ;0 ;0 ;0 ;1 ;0 ;0 ;0 ;0 ;1 ;4 ;0 ;1 ;0 ;0 ;0 ;0 ;;
Benin;0 ;2 ;0 ;4 ;5 ;3 ;3 ;1 ;4 ;0 ;0 ;0 ;3 ;2 ;1 ;29 ;86 ;62 ;25 ;27 ;20 ;20 ;23 ;25 ;20 ;12 ;39 ;42 ;28 ;26 ;18 ;11 ;10 ;6 ;8 ;;
Bhutan;0 ;1 ;0 ;0 ;0 ;0 ;0 ;1 ;1 ;4 ;10 ;3 ;7 ;4 ;2 ;1 ;0 ;3 ;0 ;0 ;2 ;5 ;11 ;9 ;4 ;4 ;3 ;0 ;3 ;0 ;2 ;0 ;0 ;0 ;0 ;;
Bolivien;4 ;11 ;5 ;1 ;2 ;5 ;4 ;2 ;10 ;8 ;14 ;28 ;8 ;1 ;7 ;5 ;7 ;20 ;0 ;2 ;0 ;0 ;2 ;1 ;0 ;1 ;1 ;0 ;0 ;0 ;0 ;0 ;0 ;0 ;0 ;;
Bosnien u. Herzegowina;0 ;0 ;1 ;1 ;6 ;166 ;867 ;6’992 ;3’363 ;3’641 ;1’423 ;2’128 ;2’017 ;1’547 ;1’380 ;1’285 ;1’603 ;794 ;362 ;347 ;288 ;147 ;146 ;282 ;189 ;233 ;515 ;221 ;157 ;116 ;80 ;59 ;54 ;44 ;12 ;;
Botsuana;0 ;0 ;0 ;0 ;0 ;0 ;0 ;0 ;0 ;0 ;0 ;0 ;0 ;0 ;0 ;0 ;0 ;0 ;0 ;0 ;0 ;0 ;0 ;0 ;0 ;1 ;1 ;1 ;0 ;0 ;0 ;0 ;0 ;0 ;0 ;;
Brasilien;0 ;0 ;0 ;4 ;1 ;0 ;2 ;1 ;3 ;1 ;3 ;4 ;2 ;1 ;5 ;4 ;6 ;4 ;2 ;1 ;6 ;0 ;0 ;1 ;0 ;1 ;0 ;3 ;1 ;0 ;4 ;2 ;3 ;2 ;6 ;;
Brunei;0 ;0 ;0 ;0 ;0 ;0 ;0 ;0 ;0 ;0 ;0 ;0 ;0 ;0 ;0 ;0 ;0 ;0 ;0 ;0 ;0 ;0 ;1 ;0 ;0 ;0 ;0 ;0 ;1 ;1 ;1 ;1 ;0 ;1 ;0 ;;
Bulgarien;13 ;7 ;25 ;88 ;671 ;238 ;30 ;23 ;18 ;33 ;27 ;120 ;161 ;68 ;60 ;232 ;789 ;290 ;648 ;476 ;169 ;101 ;10 ;20 ;24 ;135 ;63 ;22 ;11 ;4 ;2 ;8 ;2 ;3 ;1 ;;
Burkina Faso;0 ;1 ;0 ;4 ;9 ;11 ;2 ;6 ;8 ;16 ;26 ;33 ;20 ;19 ;36 ;57 ;43 ;41 ;23 ;5 ;1 ;12 ;14 ;18 ;22 ;20 ;26 ;27 ;18 ;19 ;38 ;31 ;13 ;6 ;4 ;;
Burundi;1 ;0 ;12 ;10 ;2 ;3 ;6 ;4 ;43 ;30 ;47 ;31 ;39 ;18 ;29 ;36 ;42 ;44 ;29 ;20 ;20 ;10 ;7 ;6 ;5 ;11 ;5 ;5 ;2 ;15 ;19 ;33 ;29 ;29 ;16 ;;
Chile;250 ;308 ;137 ;43 ;13 ;12 ;6 ;1 ;4 ;0 ;1 ;2 ;6 ;0 ;1 ;6 ;1 ;1 ;1 ;1 ;0 ;4 ;0 ;4 ;1 ;0 ;1 ;1 ;0 ;0 ;0 ;0 ;0 ;3 ;0 ;;
China;24 ;20 ;18 ;47 ;62 ;69 ;71 ;74 ;49 ;53 ;49 ;36 ;63 ;81 ;68 ;154 ;372 ;236 ;73 ;94 ;477 ;249 ;272 ;365 ;358 ;696 ;808 ;675 ;380 ;586 ;350 ;267 ;287 ;261 ;114 ;;
Costa Rica;0 ;0 ;0 ;0 ;0 ;0 ;0 ;0 ;0 ;0 ;0 ;0 ;0 ;0 ;0 ;0 ;0 ;2 ;2 ;0 ;0 ;0 ;0 ;0 ;1 ;0 ;0 ;0 ;0 ;0 ;0 ;0 ;0 ;1 ;0 ;;
Côte d'Ivoire;0 ;2 ;1 ;2 ;5 ;26 ;18 ;30 ;29 ;39 ;19 ;40 ;73 ;70 ;83 ;122 ;156 ;191 ;142 ;159 ;124 ;146 ;157 ;137 ;102 ;233 ;128 ;95 ;59 ;94 ;347 ;348 ;84 ;37 ;20 ;;
Dänemark;0 ;0 ;0 ;0 ;0 ;1 ;0 ;0 ;0 ;0 ;0 ;0 ;0 ;0 ;0 ;0 ;0 ;0 ;0 ;0 ;0 ;0 ;0 ;0 ;0 ;0 ;0 ;0 ;0 ;0 ;0 ;1 ;0 ;0 ;0 ;;
DDR;0 ;0 ;0 ;2 ;1 ;0 ;0 ;0 ;0 ;0 ;0 ;0 ;0 ;0 ;0 ;0 ;0 ;0 ;0 ;0 ;0 ;0 ;0 ;0 ;0 ;0 ;0 ;0 ;0 ;0 ;0 ;0 ;0 ;0 ;0 ;;
Deutschland;1 ;4 ;2 ;0 ;7 ;1 ;1 ;0 ;2 ;0 ;1 ;9 ;8 ;1 ;3 ;7 ;3 ;2 ;5 ;9 ;2 ;2 ;2 ;8 ;9 ;7 ;4 ;7 ;9 ;1 ;5 ;4 ;11 ;6 ;3 ;;
Dominica;0 ;0 ;0 ;0 ;0 ;0 ;0 ;0 ;0 ;1 ;0 ;0 ;0 ;0 ;0 ;0 ;0 ;0 ;0 ;0 ;0 ;0 ;0 ;0 ;0 ;0 ;0 ;0 ;0 ;0 ;0 ;0 ;0 ;0 ;0 ;;
Dominikanische Republik;0 ;0 ;0 ;0 ;0 ;0 ;0 ;0 ;0 ;0 ;0 ;0 ;1 ;0 ;0 ;0 ;0 ;1 ;0 ;0 ;0 ;0 ;0 ;0 ;1 ;0 ;2 ;1 ;0 ;0 ;1 ;1 ;0 ;1 ;0 ;;
Dschibuti;0 ;0 ;0 ;0 ;0 ;0 ;0 ;0 ;1 ;0 ;0 ;0 ;0 ;1 ;0 ;1 ;1 ;1 ;1 ;2 ;0 ;1 ;1 ;0 ;1 ;4 ;2 ;5 ;4 ;12 ;8 ;6 ;4 ;3 ;1 ;;
Ecuador;1 ;2 ;7 ;15 ;25 ;37 ;42 ;67 ;55 ;52 ;54 ;92 ;52 ;30 ;3 ;1 ;9 ;5 ;1 ;9 ;5 ;1 ;0 ;3 ;0 ;0 ;1 ;0 ;0 ;0 ;1 ;0 ;0 ;2 ;1 ;;
El Salvador;1 ;0 ;4 ;1 ;7 ;2 ;0 ;0 ;1 ;0 ;0 ;0 ;0 ;0 ;0 ;5 ;0 ;0 ;0 ;0 ;0 ;0 ;0 ;0 ;0 ;0 ;0 ;0 ;0 ;0 ;2 ;17 ;7 ;10 ;14 ;;
Eritrea;9 ;17 ;26 ;93 ;166 ;151 ;35 ;17 ;21 ;33 ;36 ;34 ;114 ;161 ;88 ;74 ;221 ;253 ;197 ;181 ;1’207 ;1’661 ;2’849 ;1’724 ;1’799 ;3’356 ;4’407 ;2’563 ;6’923 ;9’966 ;5’178 ;3’375 ;2’825 ;2’899 ;1’204 ;;
Estland;0 ;0 ;0 ;0 ;0 ;0 ;9 ;0 ;3 ;0 ;2 ;4 ;2 ;4 ;0 ;3 ;5 ;14 ;2 ;3 ;1 ;2 ;0 ;0 ;0 ;1 ;1 ;2 ;0 ;0 ;0 ;2 ;0 ;0 ;0 ;;
Eswatini;0 ;0 ;0 ;0 ;0 ;0 ;0 ;0 ;0 ;0 ;0 ;0 ;0 ;0 ;0 ;0 ;0 ;0 ;0 ;0 ;0 ;1 ;1 ;1 ;0 ;0 ;0 ;1 ;0 ;0 ;0 ;0 ;1 ;0 ;0 ;;
Fidschi;0 ;0 ;0 ;0 ;0 ;0 ;0 ;0 ;0 ;0 ;0 ;0 ;0 ;0 ;0 ;0 ;0 ;0 ;0 ;0 ;0 ;0 ;0 ;0 ;0 ;0 ;1 ;0 ;0 ;0 ;0 ;0 ;0 ;0 ;0 ;;
Finnland;0 ;0 ;0 ;0 ;0 ;0 ;0 ;0 ;0 ;0 ;0 ;0 ;0 ;0 ;0 ;0 ;3 ;1 ;1 ;0 ;1 ;0 ;0 ;0 ;0 ;0 ;0 ;1 ;0 ;1 ;0 ;0 ;2 ;0 ;0 ;;
Frankreich;1 ;0 ;2 ;0 ;0 ;2 ;2 ;2 ;3 ;1 ;1 ;2 ;8 ;5 ;7 ;16 ;18 ;9 ;5 ;4 ;2 ;3 ;3 ;0 ;5 ;2 ;5 ;2 ;3 ;3 ;6 ;8 ;7 ;2 ;6 ;;
Gabun;4 ;1 ;1 ;0 ;3 ;1 ;1 ;1 ;2 ;1 ;2 ;1 ;1 ;1 ;2 ;2 ;12 ;6 ;5 ;4 ;3 ;1 ;3 ;12 ;10 ;7 ;7 ;5 ;4 ;5 ;1 ;5 ;3 ;3 ;1 ;;
Gambia;0 ;1 ;1 ;4 ;7 ;34 ;12 ;204 ;46 ;93 ;50 ;61 ;68 ;80 ;66 ;88 ;97 ;60 ;39 ;21 ;28 ;24 ;204 ;178 ;208 ;336 ;574 ;474 ;385 ;968 ;1’054 ;387 ;189 ;119 ;23 ;;
Georgien;0 ;0 ;0 ;0 ;0 ;0 ;5 ;12 ;5 ;5 ;63 ;288 ;824 ;334 ;177 ;281 ;692 ;774 ;748 ;441 ;319 ;221 ;481 ;638 ;642 ;371 ;726 ;653 ;466 ;404 ;465 ;670 ;873 ;601 ;153 ;;
Ghana;108 ;99 ;112 ;380 ;470 ;864 ;157 ;82 ;20 ;22 ;17 ;13 ;9 ;23 ;10 ;31 ;37 ;17 ;13 ;4 ;14 ;7 ;11 ;55 ;157 ;235 ;379 ;185 ;120 ;94 ;87 ;64 ;38 ;32 ;9 ;;
Griechenland;0 ;0 ;1 ;0 ;1 ;0 ;2 ;1 ;0 ;0 ;0 ;1 ;4 ;0 ;0 ;1 ;0 ;0 ;0 ;1 ;0 ;0 ;1 ;0 ;1 ;0 ;10 ;1 ;0 ;0 ;1 ;3 ;2 ;1 ;0 ;;
United Kingdom;0 ;1 ;1 ;0 ;0 ;0 ;0 ;2 ;0 ;0 ;1 ;0 ;0 ;1 ;1 ;2 ;6 ;2 ;2 ;0 ;3 ;0 ;0 ;0 ;1 ;1 ;1 ;0 ;2 ;0 ;1 ;0 ;0 ;2 ;2 ;;
Guatemala;0 ;2 ;0 ;0 ;0 ;0 ;0 ;0 ;0 ;0 ;0 ;0 ;0 ;0 ;0 ;0 ;0 ;0 ;0 ;0 ;0 ;1 ;0 ;0 ;2 ;0 ;1 ;0 ;2 ;0 ;2 ;1 ;0 ;0 ;0 ;;
Guinea;1 ;0 ;1 ;7 ;17 ;13 ;6 ;14 ;46 ;79 ;147 ;217 ;359 ;447 ;498 ;720 ;821 ;701 ;439 ;238 ;88 ;104 ;239 ;301 ;281 ;338 ;359 ;347 ;235 ;274 ;900 ;797 ;217 ;131 ;45 ;;
Guinea-Bissau;3 ;3 ;2 ;7 ;23 ;31 ;9 ;5 ;4 ;8 ;83 ;93 ;246 ;261 ;109 ;57 ;74 ;75 ;41 ;21 ;31 ;21 ;73 ;182 ;124 ;218 ;403 ;292 ;127 ;107 ;96 ;60 ;28 ;19 ;4 ;;
Guyana;0 ;0 ;0 ;0 ;0 ;0 ;0 ;0 ;0 ;1 ;0 ;0 ;0 ;0 ;0 ;0 ;0 ;0 ;0 ;0 ;0 ;0 ;0 ;0 ;0 ;0 ;0 ;0 ;0 ;0 ;0 ;0 ;0 ;0 ;1 ;;
Haiti;1 ;4 ;2 ;4 ;5 ;0 ;4 ;2 ;5 ;0 ;2 ;3 ;2 ;0 ;1 ;2 ;1 ;1 ;3 ;2 ;3 ;1 ;1 ;1 ;6 ;4 ;8 ;2 ;1 ;1 ;4 ;3 ;0 ;3 ;3 ;;
Honduras;0 ;0 ;0 ;0 ;0 ;0 ;0 ;0 ;0 ;0 ;0 ;0 ;0 ;0 ;0 ;0 ;0 ;0 ;0 ;0 ;0 ;0 ;0 ;1 ;0 ;1 ;3 ;0 ;1 ;0 ;1 ;0 ;6 ;5 ;1 ;;
Indien;206 ;401 ;707 ;727 ;1’787 ;878 ;50 ;28 ;52 ;161 ;197 ;213 ;169 ;143 ;135 ;181 ;160 ;205 ;84 ;48 ;40 ;25 ;19 ;20 ;19 ;24 ;22 ;29 ;25 ;16 ;42 ;38 ;37 ;20 ;5 ;;
Indonesien;0 ;0 ;0 ;0 ;0 ;0 ;0 ;0 ;0 ;1 ;0 ;0 ;1 ;1 ;0 ;5 ;0 ;0 ;0 ;2 ;1 ;1 ;0 ;0 ;0 ;2 ;0 ;0 ;0 ;0 ;0 ;4 ;0 ;0 ;0 ;;
Irak;18 ;24 ;28 ;24 ;71 ;134 ;118 ;84 ;149 ;285 ;368 ;483 ;1’962 ;1’587 ;896 ;1’196 ;1’183 ;1’472 ;652 ;474 ;844 ;956 ;1’440 ;935 ;659 ;504 ;452 ;397 ;363 ;2’388 ;1’312 ;653 ;611 ;550 ;187 ;;
Iran;941 ;494 ;295 ;216 ;431 ;244 ;136 ;109 ;84 ;117 ;140 ;129 ;171 ;208 ;731 ;337 ;293 ;273 ;201 ;293 ;302 ;231 ;393 ;259 ;324 ;397 ;373 ;218 ;168 ;623 ;561 ;318 ;504 ;539 ;208 ;;
Irland;0 ;0 ;0 ;0 ;0 ;0 ;0 ;0 ;0 ;0 ;0 ;0 ;0 ;0 ;0 ;0 ;2 ;0 ;0 ;0 ;0 ;0 ;0 ;0 ;0 ;0 ;0 ;0 ;0 ;0 ;0 ;0 ;0 ;0 ;0 ;;
Israel;2 ;1 ;4 ;0 ;5 ;26 ;5 ;4 ;1 ;3 ;9 ;5 ;11 ;8 ;14 ;6 ;13 ;12 ;6 ;5 ;9 ;4 ;7 ;1 ;0 ;2 ;4 ;4 ;6 ;2 ;6 ;2 ;6 ;1 ;5 ;;
Italien;5 ;0 ;1 ;2 ;1 ;0 ;2 ;1 ;0 ;0 ;1 ;1 ;4 ;2 ;4 ;1 ;4 ;7 ;1 ;3 ;3 ;2 ;24 ;2 ;9 ;9 ;14 ;18 ;26 ;10 ;10 ;10 ;8 ;8 ;6 ;;
Jamaika;0 ;0 ;0 ;0 ;0 ;0 ;0 ;0 ;1 ;0 ;0 ;0 ;0 ;0 ;0 ;0 ;0 ;1 ;0 ;2 ;3 ;0 ;4 ;5 ;4 ;2 ;0 ;3 ;2 ;1 ;1 ;0 ;1 ;6 ;3 ;;
Japan;0 ;0 ;0 ;0 ;0 ;0 ;0 ;0 ;0 ;0 ;0 ;0 ;0 ;2 ;0 ;1 ;2 ;1 ;0 ;0 ;0 ;1 ;0 ;0 ;0 ;0 ;0 ;0 ;1 ;0 ;0 ;3 ;1 ;1 ;0 ;;
Jemen;0 ;0 ;1 ;0 ;0 ;3 ;2 ;2 ;4 ;27 ;10 ;17 ;34 ;71 ;106 ;76 ;45 ;92 ;26 ;28 ;20 ;42 ;46 ;85 ;74 ;51 ;31 ;47 ;47 ;50 ;48 ;38 ;29 ;17 ;16 ;;
Jordanien;2 ;2 ;1 ;21 ;26 ;49 ;17 ;14 ;18 ;15 ;11 ;10 ;15 ;34 ;37 ;19 ;20 ;18 ;7 ;8 ;4 ;3 ;4 ;5 ;6 ;11 ;13 ;10 ;20 ;11 ;6 ;1 ;7 ;5 ;3 ;;
Kambodscha;11 ;30 ;17 ;18 ;23 ;38 ;22 ;33 ;24 ;56 ;18 ;21 ;14 ;17 ;22 ;15 ;14 ;10 ;17 ;15 ;13 ;5 ;4 ;9 ;3 ;4 ;4 ;3 ;1 ;1 ;2 ;3 ;1 ;0 ;3 ;;
Kamerun;0 ;3 ;1 ;3 ;9 ;19 ;11 ;19 ;25 ;33 ;47 ;55 ;109 ;116 ;121 ;233 ;338 ;330 ;201 ;162 ;175 ;140 ;70 ;65 ;60 ;67 ;60 ;82 ;63 ;58 ;254 ;216 ;65 ;53 ;29 ;;
Kanada;0 ;0 ;0 ;2 ;3 ;1 ;0 ;0 ;0 ;0 ;0 ;1 ;5 ;0 ;1 ;0 ;3 ;4 ;1 ;0 ;0 ;2 ;2 ;0 ;0 ;2 ;0 ;0 ;2 ;0 ;1 ;0 ;3 ;3 ;1 ;;
Kapverden;0 ;1 ;0 ;0 ;0 ;0 ;0 ;0 ;0 ;0 ;0 ;0 ;1 ;0 ;0 ;0 ;0 ;1 ;0 ;1 ;0 ;1 ;1 ;3 ;2 ;3 ;2 ;4 ;4 ;0 ;0 ;1 ;0 ;0 ;0 ;;
Kasachstan;0 ;0 ;0 ;0 ;0 ;0 ;2 ;0 ;1 ;0 ;13 ;15 ;21 ;37 ;23 ;25 ;35 ;51 ;15 ;13 ;8 ;1 ;4 ;15 ;9 ;20 ;4 ;18 ;30 ;9 ;5 ;16 ;2 ;13 ;6 ;;
Katar;0 ;0 ;0 ;0 ;0 ;0 ;0 ;1 ;0 ;0 ;0 ;0 ;0 ;0 ;0 ;1 ;0 ;0 ;0 ;0 ;0 ;0 ;0 ;1 ;0 ;0 ;0 ;0 ;0 ;0 ;0 ;0 ;0 ;0 ;0 ;;
Kenia;0 ;0 ;0 ;0 ;8 ;1 ;5 ;1 ;3 ;1 ;7 ;6 ;10 ;4 ;12 ;15 ;24 ;14 ;11 ;2 ;11 ;6 ;23 ;13 ;14 ;30 ;19 ;20 ;14 ;9 ;4 ;6 ;5 ;7 ;1 ;;
Kirgisistan;0 ;0 ;0 ;0 ;0 ;0 ;0 ;1 ;0 ;0 ;0 ;1 ;0 ;1 ;5 ;11 ;15 ;18 ;22 ;2 ;4 ;11 ;1 ;6 ;22 ;6 ;28 ;2 ;11 ;11 ;2 ;2 ;1 ;1 ;1 ;;
Kolumbien;2 ;3 ;15 ;8 ;12 ;26 ;11 ;17 ;17 ;25 ;34 ;109 ;451 ;206 ;63 ;74 ;54 ;39 ;34 ;47 ;41 ;48 ;43 ;29 ;33 ;32 ;35 ;12 ;5 ;12 ;32 ;31 ;64 ;121 ;59 ;;
Komoren;0 ;0 ;0 ;0 ;0 ;0 ;0 ;0 ;0 ;0 ;0 ;0 ;1 ;0 ;0 ;0 ;0 ;0 ;0 ;2 ;0 ;0 ;0 ;1 ;0 ;1 ;1 ;0 ;0 ;0 ;0 ;0 ;1 ;0 ;0 ;;
Congo;3 ;6 ;1 ;8 ;14 ;15 ;10 ;8 ;11 ;12 ;22 ;43 ;44 ;31 ;37 ;48 ;41 ;47 ;27 ;19 ;15 ;11 ;22 ;9 ;10 ;18 ;7 ;9 ;4 ;7 ;4 ;9 ;1 ;3 ;3 ;;
DRC;232 ;212 ;141 ;429 ;785 ;1’418 ;710 ;405 ;352 ;380 ;744 ;660 ;600 ;574 ;599 ;677 ;805 ;606 ;430 ;339 ;264 ;217 ;246 ;181 ;192 ;167 ;227 ;198 ;164 ;159 ;176 ;147 ;102 ;88 ;74 ;;
North Korea;0 ;0 ;0 ;0 ;0 ;0 ;0 ;0 ;1 ;0 ;0 ;0 ;0 ;0 ;0 ;1 ;0 ;2 ;6 ;0 ;1 ;11 ;2 ;0 ;2 ;1 ;3 ;9 ;1 ;0 ;1 ;1 ;0 ;0 ;0 ;;
South Korea;0 ;0 ;0 ;0 ;2 ;0 ;0 ;0 ;0 ;0 ;0 ;0 ;0 ;1 ;1 ;1 ;1 ;1 ;2 ;0 ;1 ;7 ;0 ;2 ;1 ;1 ;1 ;1 ;2 ;4 ;0 ;4 ;1 ;0 ;3 ;;
Kosovo;0 ;0 ;0 ;0 ;0 ;0 ;0 ;0 ;0 ;0 ;0 ;0 ;0 ;0 ;0 ;0 ;0 ;0 ;0 ;0 ;0 ;0 ;115 ;694 ;602 ;634 ;579 ;698 ;405 ;566 ;249 ;137 ;112 ;106 ;52 ;;
Kroatien;0 ;0 ;0 ;0 ;0 ;152 ;97 ;128 ;67 ;91 ;39 ;32 ;138 ;120 ;42 ;25 ;52 ;24 ;27 ;30 ;7 ;20 ;4 ;1 ;9 ;9 ;43 ;6 ;3 ;6 ;1 ;2 ;1 ;2 ;2 ;;
Kuba;0 ;2 ;0 ;1 ;2 ;2 ;9 ;7 ;16 ;19 ;21 ;16 ;33 ;22 ;12 ;13 ;15 ;11 ;7 ;7 ;5 ;5 ;5 ;7 ;7 ;4 ;5 ;5 ;3 ;6 ;3 ;9 ;5 ;7 ;5 ;;
Kuwait;0 ;0 ;0 ;1 ;17 ;1 ;3 ;0 ;1 ;0 ;3 ;4 ;3 ;0 ;3 ;0 ;0 ;0 ;0 ;1 ;0 ;2 ;0 ;2 ;0 ;0 ;0 ;2 ;1 ;0 ;8 ;0 ;1 ;0 ;0 ;;
Laos;3 ;10 ;0 ;3 ;3 ;5 ;4 ;13 ;8 ;12 ;6 ;3 ;3 ;5 ;6 ;0 ;2 ;3 ;4 ;4 ;6 ;1 ;1 ;1 ;3 ;1 ;1 ;0 ;0 ;1 ;0 ;0 ;0 ;0 ;0 ;;
Lesotho;0 ;0 ;0 ;0 ;0 ;1 ;0 ;0 ;1 ;0 ;0 ;0 ;0 ;0 ;0 ;0 ;0 ;0 ;0 ;0 ;0 ;0 ;0 ;0 ;0 ;1 ;1 ;0 ;0 ;0 ;0 ;0 ;0 ;0 ;0 ;;
Lettland;0 ;0 ;0 ;0 ;0 ;0 ;0 ;2 ;2 ;3 ;4 ;12 ;13 ;10 ;7 ;18 ;18 ;23 ;14 ;11 ;9 ;1 ;2 ;3 ;1 ;2 ;1 ;4 ;2 ;2 ;0 ;2 ;1 ;0 ;0 ;;
Libanon;139 ;372 ;503 ;2’499 ;5’528 ;1’498 ;508 ;519 ;187 ;168 ;210 ;221 ;188 ;155 ;165 ;198 ;209 ;159 ;92 ;50 ;66 ;57 ;35 ;26 ;19 ;22 ;27 ;24 ;42 ;25 ;45 ;20 ;21 ;19 ;8 ;;
Liberia;1 ;0 ;1 ;3 ;63 ;99 ;116 ;234 ;84 ;103 ;42 ;23 ;20 ;30 ;26 ;31 ;77 ;92 ;38 ;21 ;23 ;12 ;31 ;29 ;67 ;78 ;84 ;62 ;39 ;23 ;36 ;30 ;4 ;9 ;1 ;;
Libyen;7 ;6 ;4 ;2 ;13 ;44 ;27 ;26 ;10 ;61 ;58 ;44 ;177 ;115 ;103 ;80 ;75 ;93 ;72 ;56 ;42 ;27 ;29 ;36 ;36 ;253 ;206 ;150 ;168 ;140 ;210 ;148 ;161 ;120 ;69 ;;
Litauen;0 ;0 ;0 ;0 ;0 ;1 ;1 ;8 ;3 ;30 ;81 ;186 ;140 ;69 ;53 ;78 ;110 ;110 ;35 ;16 ;3 ;4 ;2 ;5 ;5 ;10 ;1 ;3 ;0 ;2 ;1 ;1 ;2 ;0 ;1 ;;
Luxemburg;0 ;0 ;0 ;0 ;0 ;0 ;0 ;0 ;0 ;0 ;0 ;0 ;0 ;0 ;0 ;0 ;0 ;0 ;0 ;0 ;0 ;0 ;0 ;0 ;0 ;0 ;0 ;0 ;0 ;0 ;2 ;0 ;0 ;0 ;0 ;;
Madagaskar;0 ;1 ;1 ;1 ;0 ;0 ;0 ;0 ;0 ;0 ;2 ;0 ;0 ;0 ;0 ;0 ;1 ;10 ;9 ;0 ;3 ;1 ;5 ;1 ;0 ;0 ;0 ;1 ;0 ;0 ;4 ;0 ;0 ;0 ;0 ;;
Malawi;0 ;0 ;0 ;0 ;0 ;0 ;1 ;0 ;2 ;0 ;0 ;0 ;0 ;0 ;0 ;0 ;0 ;0 ;1 ;0 ;0 ;0 ;0 ;2 ;3 ;5 ;3 ;5 ;4 ;1 ;1 ;0 ;0 ;0 ;0 ;;
Malaysia;0 ;0 ;0 ;1 ;0 ;1 ;0 ;0 ;0 ;0 ;0 ;0 ;0 ;0 ;0 ;0 ;1 ;0 ;0 ;0 ;0 ;1 ;1 ;0 ;3 ;0 ;1 ;1 ;1 ;0 ;0 ;1 ;1 ;0 ;1 ;;
Malediven;0 ;0 ;0 ;0 ;0 ;0 ;1 ;0 ;0 ;0 ;0 ;0 ;0 ;0 ;0 ;0 ;0 ;1 ;0 ;4 ;0 ;0 ;0 ;0 ;0 ;0 ;0 ;0 ;0 ;0 ;0 ;0 ;1 ;0 ;0 ;;
Mali;0 ;0 ;1 ;8 ;5 ;18 ;4 ;6 ;21 ;29 ;46 ;47 ;46 ;55 ;59 ;100 ;109 ;69 ;72 ;29 ;19 ;9 ;27 ;37 ;52 ;76 ;226 ;300 ;177 ;151 ;195 ;122 ;43 ;26 ;4 ;;
Malta;0 ;0 ;0 ;0 ;0 ;0 ;0 ;0 ;0 ;0 ;0 ;0 ;0 ;0 ;0 ;0 ;1 ;0 ;0 ;0 ;0 ;0 ;0 ;0 ;0 ;0 ;0 ;0 ;0 ;0 ;0 ;0 ;0 ;0 ;0 ;;
Marokko;5 ;5 ;4 ;8 ;39 ;72 ;32 ;10 ;11 ;16 ;25 ;37 ;61 ;20 ;49 ;41 ;44 ;63 ;48 ;33 ;51 ;37 ;37 ;36 ;125 ;495 ;931 ;1’068 ;699 ;419 ;823 ;459 ;475 ;345 ;212 ;;
Mauretanien;0 ;1 ;2 ;1 ;7 ;7 ;5 ;2 ;8 ;18 ;65 ;51 ;57 ;69 ;45 ;62 ;66 ;21 ;21 ;11 ;7 ;3 ;29 ;40 ;30 ;49 ;78 ;56 ;31 ;23 ;19 ;20 ;7 ;6 ;3 ;;
Mauritius;0 ;0 ;0 ;0 ;0 ;1 ;1 ;0 ;1 ;0 ;2 ;0 ;0 ;0 ;0 ;0 ;1 ;0 ;0 ;0 ;0 ;1 ;0 ;0 ;0 ;0 ;0 ;0 ;0 ;1 ;0 ;0 ;0 ;1 ;0 ;;
Nordmazedonien;1 ;4 ;15 ;27 ;55 ;132 ;63 ;110 ;120 ;131 ;82 ;165 ;171 ;157 ;84 ;895 ;1’087 ;361 ;227 ;144 ;72 ;68 ;97 ;62 ;417 ;926 ;1’137 ;115 ;75 ;177 ;143 ;89 ;65 ;29 ;27 ;;
Mexiko;0 ;0 ;0 ;0 ;0 ;0 ;0 ;0 ;0 ;0 ;0 ;0 ;0 ;0 ;0 ;0 ;0 ;0 ;0 ;0 ;0 ;3 ;2 ;1 ;3 ;5 ;1 ;1 ;0 ;1 ;1 ;0 ;4 ;5 ;1 ;;
Moldova;0 ;0 ;0 ;0 ;0 ;0 ;1 ;7 ;4 ;13 ;33 ;70 ;54 ;49 ;34 ;80 ;193 ;164 ;124 ;66 ;50 ;37 ;19 ;31 ;23 ;30 ;20 ;15 ;9 ;21 ;25 ;13 ;3 ;56 ;38 ;;
Mongolei;0 ;0 ;0 ;0 ;0 ;6 ;7 ;8 ;4 ;8 ;3 ;16 ;111 ;210 ;185 ;188 ;284 ;319 ;141 ;72 ;232 ;127 ;162 ;295 ;113 ;103 ;73 ;69 ;82 ;132 ;73 ;27 ;47 ;25 ;15 ;;
Montenegro;0 ;0 ;0 ;0 ;0 ;0 ;1 ;1 ;2 ;1 ;0 ;0 ;1 ;4 ;5 ;4 ;8 ;4 ;5 ;15 ;11 ;35 ;26 ;16 ;19 ;22 ;43 ;27 ;14 ;17 ;7 ;9 ;7 ;7 ;1 ;;
Mosambik;5 ;1 ;0 ;1 ;3 ;1 ;1 ;0 ;0 ;0 ;1 ;0 ;0 ;1 ;0 ;0 ;4 ;3 ;3 ;6 ;0 ;0 ;2 ;0 ;2 ;0 ;3 ;0 ;7 ;2 ;1 ;0 ;4 ;1 ;0 ;;
Myanmar;0 ;0 ;1 ;1 ;0 ;0 ;2 ;0 ;2 ;30 ;5 ;0 ;2 ;1 ;2 ;5 ;4 ;6 ;5 ;6 ;4 ;14 ;5 ;7 ;4 ;7 ;19 ;7 ;3 ;6 ;4 ;3 ;4 ;0 ;8 ;;
Namibia;0 ;0 ;0 ;1 ;0 ;0 ;0 ;0 ;0 ;0 ;0 ;0 ;0 ;0 ;0 ;0 ;1 ;0 ;0 ;0 ;2 ;1 ;0 ;0 ;0 ;0 ;2 ;1 ;0 ;0 ;0 ;0 ;0 ;0 ;0 ;;
Nepal;0 ;0 ;0 ;0 ;6 ;15 ;54 ;61 ;18 ;7 ;11 ;14 ;16 ;32 ;23 ;42 ;57 ;50 ;26 ;95 ;49 ;11 ;19 ;36 ;16 ;13 ;36 ;23 ;12 ;4 ;6 ;3 ;2 ;8 ;5 ;;
Neuseeland;0 ;0 ;0 ;0 ;0 ;0 ;0 ;0 ;0 ;0 ;0 ;0 ;0 ;0 ;0 ;0 ;0 ;0 ;0 ;0 ;0 ;0 ;0 ;0 ;0 ;0 ;0 ;0 ;0 ;0 ;0 ;0 ;0 ;1 ;0 ;;
Nicaragua;1 ;2 ;0 ;4 ;0 ;0 ;0 ;0 ;0 ;0 ;0 ;0 ;0 ;0 ;0 ;0 ;0 ;0 ;0 ;0 ;0 ;0 ;0 ;0 ;1 ;0 ;0 ;2 ;2 ;1 ;1 ;0 ;13 ;12 ;3 ;;
Niederlande;0 ;0 ;1 ;0 ;0 ;0 ;1 ;0 ;0 ;0 ;1 ;0 ;1 ;0 ;0 ;2 ;1 ;0 ;2 ;1 ;2 ;1 ;2 ;2 ;2 ;0 ;3 ;1 ;2 ;3 ;2 ;1 ;2 ;1 ;1 ;;
Niger;0 ;0 ;2 ;8 ;4 ;11 ;1 ;2 ;0 ;1 ;1 ;3 ;1 ;2 ;0 ;6 ;62 ;21 ;18 ;10 ;10 ;10 ;16 ;28 ;42 ;102 ;130 ;61 ;37 ;29 ;26 ;20 ;10 ;8 ;1 ;;
Nigeria;2 ;3 ;7 ;99 ;307 ;526 ;132 ;106 ;139 ;185 ;259 ;223 ;254 ;161 ;261 ;411 ;1’233 ;817 ;666 ;382 ;302 ;327 ;988 ;1’786 ;1’969 ;1’895 ;2’746 ;1’764 ;908 ;970 ;1’106 ;700 ;511 ;354 ;112 ;;
Norwegen;0 ;0 ;0 ;0 ;0 ;0 ;0 ;0 ;0 ;0 ;0 ;0 ;0 ;0 ;0 ;0 ;0 ;0 ;1 ;0 ;0 ;0 ;0 ;0 ;0 ;0 ;0 ;0 ;0 ;0 ;0 ;1 ;0 ;0 ;0 ;;
Oman;0 ;0 ;0 ;0 ;0 ;0 ;0 ;0 ;0 ;0 ;0 ;0 ;0 ;0 ;0 ;0 ;0 ;1 ;0 ;0 ;0 ;0 ;0 ;0 ;0 ;0 ;0 ;0 ;0 ;0 ;0 ;0 ;0 ;0 ;0 ;;
Österreich;0 ;0 ;0 ;0 ;0 ;0 ;0 ;0 ;0 ;0 ;0 ;0 ;1 ;2 ;2 ;0 ;0 ;0 ;1 ;0 ;0 ;2 ;1 ;3 ;0 ;4 ;0 ;0 ;0 ;0 ;1 ;1 ;1 ;3 ;0 ;;
Pakistan;394 ;577 ;654 ;1’033 ;1’268 ;1’387 ;657 ;434 ;450 ;454 ;512 ;468 ;337 ;342 ;243 ;291 ;284 ;243 ;217 ;85 ;86 ;46 ;53 ;98 ;101 ;107 ;171 ;195 ;120 ;262 ;167 ;145 ;132 ;98 ;38 ;;
Panama;0 ;0 ;1 ;2 ;2 ;2 ;3 ;0 ;0 ;0 ;2 ;0 ;0 ;0 ;0 ;0 ;0 ;0 ;0 ;0 ;0 ;0 ;0 ;0 ;0 ;0 ;0 ;0 ;0 ;0 ;1 ;1 ;0 ;0 ;0 ;;
Papua-Neuguinea;0 ;0 ;0 ;0 ;0 ;0 ;0 ;0 ;0 ;0 ;0 ;0 ;0 ;0 ;0 ;0 ;0 ;0 ;0 ;0 ;0 ;0 ;0 ;0 ;0 ;0 ;0 ;1 ;0 ;0 ;0 ;0 ;0 ;0 ;0 ;;
Paraguay;1 ;0 ;1 ;0 ;0 ;0 ;0 ;0 ;0 ;0 ;0 ;0 ;0 ;0 ;0 ;0 ;0 ;0 ;0 ;0 ;0 ;0 ;0 ;0 ;0 ;0 ;0 ;0 ;0 ;0 ;0 ;0 ;0 ;0 ;0 ;;
Peru;5 ;9 ;1 ;13 ;9 ;26 ;16 ;29 ;15 ;7 ;12 ;5 ;6 ;3 ;3 ;3 ;1 ;0 ;1 ;0 ;0 ;4 ;1 ;0 ;1 ;2 ;2 ;0 ;1 ;0 ;1 ;1 ;4 ;1 ;0 ;;
Philippinen;0 ;0 ;0 ;0 ;4 ;1 ;1 ;2 ;0 ;0 ;0 ;1 ;0 ;0 ;1 ;2 ;1 ;1 ;0 ;0 ;0 ;0 ;2 ;0 ;0 ;0 ;0 ;0 ;0 ;4 ;2 ;0 ;0 ;0 ;2 ;;
Polen;188 ;160 ;282 ;267 ;561 ;69 ;67 ;18 ;60 ;4 ;11 ;6 ;5 ;2 ;115 ;44 ;31 ;42 ;11 ;5 ;15 ;8 ;1 ;2 ;6 ;4 ;5 ;9 ;8 ;5 ;6 ;3 ;4 ;4 ;2 ;;
Portugal;1 ;0 ;0 ;1 ;1 ;0 ;0 ;1 ;0 ;7 ;3 ;1 ;5 ;2 ;4 ;1 ;3 ;2 ;2 ;0 ;0 ;0 ;1 ;0 ;0 ;0 ;1 ;1 ;3 ;1 ;2 ;1 ;1 ;0 ;0 ;;
Ruanda;3 ;2 ;2 ;2 ;4 ;14 ;3 ;9 ;140 ;70 ;73 ;51 ;36 ;55 ;42 ;30 ;36 ;35 ;25 ;27 ;32 ;9 ;12 ;8 ;7 ;9 ;20 ;10 ;10 ;12 ;8 ;6 ;6 ;4 ;0 ;;
Rumänien;85 ;77 ;156 ;414 ;1’908 ;2’647 ;688 ;198 ;111 ;82 ;72 ;113 ;92 ;273 ;53 ;36 ;978 ;263 ;198 ;104 ;62 ;539 ;23 ;48 ;55 ;38 ;33 ;30 ;36 ;20 ;6 ;10 ;13 ;10 ;3 ;;
Russland;2 ;2 ;5 ;5 ;16 ;36 ;38 ;42 ;66 ;107 ;130 ;168 ;181 ;254 ;253 ;439 ;496 ;485 ;490 ;353 ;414 ;171 ;208 ;452 ;348 ;254 ;338 ;412 ;173 ;205 ;185 ;155 ;173 ;152 ;49 ;;
Salomon-Inseln;0 ;0 ;0 ;0 ;0 ;0 ;0 ;0 ;0 ;0 ;0 ;0 ;0 ;1 ;0 ;0 ;0 ;0 ;0 ;0 ;0 ;0 ;0 ;0 ;0 ;0 ;1 ;0 ;0 ;0 ;0 ;0 ;0 ;0 ;0 ;;
Sambia;0 ;1 ;0 ;1 ;0 ;0 ;0 ;0 ;0 ;2 ;1 ;0 ;1 ;0 ;0 ;0 ;0 ;0 ;0 ;1 ;0 ;0 ;1 ;0 ;1 ;2 ;3 ;1 ;2 ;1 ;0 ;0 ;1 ;0 ;0 ;;
Samoa;0 ;0 ;0 ;0 ;0 ;0 ;0 ;0 ;0 ;0 ;0 ;0 ;0 ;0 ;0 ;0 ;0 ;0 ;0 ;0 ;0 ;0 ;0 ;0 ;0 ;0 ;0 ;0 ;1 ;0 ;0 ;0 ;0 ;0 ;0 ;;
San Marino;0 ;0 ;0 ;0 ;0 ;0 ;1 ;0 ;0 ;0 ;0 ;0 ;0 ;0 ;0 ;0 ;0 ;0 ;0 ;0 ;0 ;0 ;0 ;0 ;0 ;0 ;0 ;0 ;0 ;0 ;0 ;0 ;0 ;0 ;0 ;;
Sao Tomé u. Principe;0 ;0 ;0 ;0 ;0 ;0 ;0 ;0 ;0 ;0 ;0 ;0 ;0 ;2 ;0 ;0 ;0 ;0 ;0 ;0 ;0 ;0 ;0 ;0 ;0 ;0 ;2 ;1 ;0 ;0 ;0 ;0 ;0 ;0 ;0 ;;
Saudi-Arabien;0 ;1 ;0 ;1 ;0 ;1 ;1 ;1 ;0 ;1 ;2 ;2 ;1 ;1 ;2 ;0 ;0 ;0 ;2 ;0 ;1 ;1 ;3 ;2 ;2 ;0 ;1 ;1 ;2 ;2 ;6 ;6 ;7 ;5 ;3 ;;
Schweden;0 ;0 ;0 ;0 ;1 ;0 ;0 ;0 ;1 ;0 ;0 ;0 ;0 ;0 ;0 ;1 ;1 ;0 ;0 ;0 ;2 ;0 ;0 ;1 ;0 ;2 ;1 ;0 ;0 ;0 ;1 ;1 ;0 ;1 ;0 ;;
Senegal;3 ;0 ;2 ;6 ;10 ;17 ;6 ;39 ;22 ;28 ;47 ;49 ;43 ;35 ;42 ;40 ;43 ;29 ;19 ;35 ;18 ;24 ;35 ;78 ;80 ;145 ;316 ;299 ;188 ;402 ;299 ;131 ;63 ;38 ;9 ;;
Serbien;122 ;128 ;786 ;1’351 ;5’434 ;13’442 ;5’965 ;5’495 ;4’417 ;5’715 ;6’116 ;7’072 ;20’555 ;29’491 ;4’662 ;3’705 ;3’910 ;3’122 ;1’937 ;1’600 ;1’327 ;1’030 ;1’186 ;575 ;910 ;1’217 ;1’889 ;303 ;244 ;200 ;280 ;171 ;112 ;167 ;34 ;;
Seychellen;0 ;0 ;0 ;0 ;0 ;1 ;0 ;1 ;0 ;0 ;0 ;0 ;0 ;0 ;0 ;0 ;0 ;0 ;0 ;0 ;0 ;0 ;0 ;0 ;0 ;0 ;0 ;0 ;0 ;0 ;0 ;0 ;0 ;0 ;0 ;;
Sierra Leone;0 ;4 ;0 ;0 ;5 ;5 ;2 ;14 ;51 ;108 ;46 ;78 ;165 ;459 ;219 ;284 ;198 ;82 ;59 ;28 ;28 ;18 ;35 ;65 ;61 ;88 ;96 ;76 ;55 ;60 ;148 ;113 ;23 ;12 ;2 ;;
Singapur;1 ;0 ;0 ;0 ;0 ;1 ;0 ;0 ;0 ;0 ;0 ;0 ;0 ;0 ;0 ;1 ;1 ;0 ;0 ;0 ;0 ;0 ;0 ;0 ;0 ;0 ;0 ;1 ;0 ;0 ;0 ;0 ;0 ;0 ;0 ;;
Slowakische Republik;8 ;8 ;7 ;2 ;2 ;0 ;0 ;10 ;7 ;2 ;7 ;9 ;5 ;14 ;12 ;27 ;74 ;205 ;72 ;4 ;7 ;12 ;4 ;3 ;3 ;5 ;17 ;6 ;13 ;3 ;1 ;0 ;4 ;3 ;2 ;;
Slowenien;0 ;0 ;0 ;0 ;2 ;0 ;1 ;12 ;4 ;21 ;2 ;3 ;19 ;1 ;3 ;19 ;15 ;5 ;4 ;0 ;0 ;1 ;0 ;0 ;0 ;1 ;0 ;1 ;0 ;2 ;1 ;1 ;1 ;2 ;0 ;;
Somalia;17 ;22 ;22 ;90 ;183 ;882 ;1’101 ;2’396 ;1’003 ;593 ;828 ;1’042 ;771 ;630 ;611 ;491 ;469 ;547 ;649 ;553 ;347 ;464 ;2’014 ;753 ;337 ;636 ;808 ;604 ;813 ;1’253 ;1’581 ;843 ;561 ;427 ;191 ;;
Sowjetunion;0 ;5 ;3 ;10 ;64 ;114 ;20 ;4 ;0 ;3 ;0 ;0 ;0 ;0 ;0 ;0 ;0 ;0 ;0 ;0 ;0 ;0 ;0 ;0 ;0 ;0 ;0 ;0 ;0 ;0 ;0 ;0 ;0 ;0 ;0 ;;
Spanien;1 ;0 ;1 ;1 ;0 ;0 ;0 ;0 ;0 ;0 ;0 ;0 ;0 ;0 ;0 ;0 ;0 ;1 ;1 ;1 ;0 ;2 ;4 ;0 ;0 ;6 ;9 ;3 ;3 ;0 ;2 ;3 ;6 ;8 ;1 ;;
Sri Lanka;602 ;912 ;1’466 ;4’839 ;4’816 ;7’501 ;2’960 ;1’872 ;1’522 ;1’262 ;2’445 ;2’626 ;2’477 ;1’861 ;1’415 ;1’083 ;634 ;420 ;308 ;277 ;351 ;636 ;1’262 ;1’415 ;939 ;470 ;494 ;684 ;1’277 ;1’878 ;1’373 ;840 ;652 ;721 ;307 ;;
St. Lucia;0 ;0 ;1 ;0 ;0 ;0 ;0 ;0 ;0 ;0 ;0 ;0 ;0 ;0 ;0 ;0 ;0 ;0 ;0 ;0 ;0 ;0 ;0 ;0 ;0 ;0 ;0 ;0 ;0 ;0 ;0 ;0 ;0 ;0 ;0 ;;
Südafrika;1 ;4 ;2 ;5 ;11 ;15 ;21 ;27 ;20 ;1 ;2 ;0 ;5 ;5 ;3 ;11 ;4 ;6 ;14 ;5 ;9 ;7 ;23 ;6 ;2 ;6 ;9 ;8 ;0 ;0 ;0 ;4 ;5 ;1 ;0 ;;
Sudan;0 ;0 ;1 ;4 ;13 ;38 ;57 ;50 ;100 ;52 ;63 ;45 ;44 ;41 ;39 ;40 ;53 ;80 ;86 ;71 ;70 ;53 ;95 ;111 ;85 ;124 ;161 ;85 ;146 ;277 ;225 ;87 ;34 ;41 ;21 ;;
Südsudan;0 ;0 ;0 ;0 ;0 ;0 ;0 ;0 ;0 ;0 ;0 ;0 ;0 ;0 ;0 ;0 ;0 ;0 ;0 ;0 ;0 ;0 ;0 ;0 ;0 ;1 ;10 ;19 ;40 ;19 ;16 ;9 ;10 ;5 ;1 ;;
Suriname;0 ;0 ;0 ;0 ;0 ;0 ;0 ;0 ;1 ;1 ;0 ;0 ;0 ;0 ;0 ;0 ;0 ;3 ;4 ;0 ;0 ;0 ;0 ;0 ;0 ;0 ;0 ;0 ;0 ;0 ;0 ;0 ;0 ;0 ;0 ;;
Syrien;138 ;166 ;89 ;128 ;269 ;190 ;149 ;83 ;55 ;64 ;88 ;93 ;120 ;162 ;162 ;152 ;230 ;184 ;132 ;131 ;167 ;301 ;388 ;400 ;469 ;826 ;1’229 ;1’901 ;3’819 ;4’745 ;2’144 ;1’951 ;1’393 ;1’100 ;562 ;;
Tadschikistan;0 ;0 ;0 ;0 ;0 ;0 ;6 ;0 ;4 ;0 ;2 ;10 ;11 ;9 ;5 ;10 ;4 ;9 ;6 ;0 ;2 ;3 ;1 ;2 ;8 ;0 ;9 ;0 ;5 ;3 ;10 ;12 ;9 ;8 ;1 ;;
Taiwan;0 ;0 ;0 ;1 ;2 ;2 ;0 ;0 ;1 ;0 ;0 ;1 ;1 ;0 ;0 ;0 ;1 ;0 ;0 ;0 ;0 ;0 ;0 ;0 ;0 ;0 ;0 ;0 ;0 ;0 ;0 ;1 ;0 ;0 ;1 ;;
Tansania;0 ;1 ;0 ;0 ;0 ;0 ;0 ;1 ;0 ;0 ;2 ;0 ;5 ;7 ;3 ;6 ;7 ;8 ;3 ;4 ;2 ;0 ;3 ;5 ;2 ;12 ;12 ;7 ;7 ;5 ;2 ;1 ;4 ;4 ;0 ;;
Thailand;0 ;0 ;0 ;0 ;0 ;0 ;0 ;0 ;0 ;0 ;0 ;1 ;0 ;0 ;0 ;0 ;0 ;0 ;1 ;0 ;2 ;2 ;0 ;0 ;0 ;0 ;0 ;0 ;0 ;0 ;0 ;0 ;0 ;0 ;0 ;;
Timor-Leste;1 ;0 ;0 ;1 ;1 ;0 ;0 ;1 ;0 ;0 ;0 ;0 ;0 ;0 ;0 ;0 ;0 ;0 ;0 ;0 ;0 ;0 ;0 ;0 ;0 ;0 ;0 ;0 ;0 ;0 ;0 ;0 ;0 ;0 ;0 ;;
Togo;2 ;4 ;4 ;7 ;12 ;44 ;23 ;56 ;36 ;45 ;22 ;62 ;66 ;62 ;70 ;141 ;249 ;205 ;178 ;198 ;188 ;111 ;103 ;123 ;136 ;105 ;118 ;101 ;63 ;60 ;63 ;68 ;43 ;25 ;9 ;;
Trinidad u. Tobago;0 ;0 ;0 ;0 ;0 ;0 ;0 ;1 ;0 ;0 ;0 ;0 ;0 ;1 ;0 ;0 ;0 ;0 ;0 ;0 ;0 ;0 ;0 ;0 ;0 ;1 ;0 ;0 ;0 ;0 ;2 ;0 ;0 ;0 ;0 ;;
Tschad;1 ;7 ;3 ;2 ;5 ;8 ;5 ;11 ;8 ;1 ;8 ;4 ;1 ;5 ;11 ;17 ;26 ;18 ;10 ;2 ;7 ;3 ;16 ;14 ;6 ;25 ;198 ;30 ;35 ;26 ;21 ;17 ;8 ;11 ;3 ;;
Tschechische Republik;25 ;20 ;10 ;7 ;0 ;2 ;1 ;2 ;16 ;3 ;1 ;7 ;19 ;6 ;15 ;80 ;62 ;19 ;6 ;6 ;2 ;7 ;2 ;6 ;4 ;7 ;8 ;8 ;2 ;2 ;2 ;6 ;7 ;2 ;5 ;;
Tschechoslowakei;101 ;70 ;83 ;168 ;24 ;25 ;22 ;12 ;0 ;1 ;0 ;0 ;0 ;0 ;0 ;0 ;0 ;0 ;0 ;0 ;0 ;0 ;0 ;0 ;0 ;0 ;0 ;0 ;0 ;0 ;0 ;0 ;0 ;0 ;0 ;;
Tunesien;10 ;44 ;16 ;13 ;67 ;109 ;92 ;54 ;54 ;72 ;99 ;111 ;172 ;207 ;196 ;171 ;180 ;187 ;137 ;117 ;87 ;97 ;74 ;204 ;358 ;2’574 ;2’239 ;1’737 ;733 ;326 ;252 ;206 ;281 ;152 ;90 ;;
Türkei;3’989 ;5’845 ;9’835 ;9’609 ;7’611 ;4’535 ;1’967 ;1’281 ;1’174 ;1’364 ;1’379 ;1’445 ;1’598 ;1’515 ;1’486 ;1’995 ;1’958 ;1’689 ;1’196 ;753 ;706 ;616 ;519 ;559 ;530 ;580 ;568 ;437 ;333 ;424 ;526 ;852 ;1’005 ;1’287 ;643 ;;
Turkmenistan;0 ;0 ;0 ;0 ;0 ;0 ;0 ;0 ;0 ;7 ;0 ;0 ;0 ;0 ;1 ;1 ;3 ;10 ;3 ;1 ;0 ;0 ;2 ;1 ;1 ;4 ;1 ;1 ;0 ;0 ;1 ;0 ;0 ;0 ;0 ;;
Uganda;0 ;0 ;0 ;0 ;5 ;6 ;2 ;1 ;3 ;2 ;3 ;10 ;3 ;11 ;6 ;9 ;12 ;7 ;11 ;12 ;14 ;17 ;16 ;15 ;16 ;25 ;20 ;21 ;33 ;38 ;12 ;17 ;18 ;15 ;8 ;;
Ukraine;0 ;0 ;0 ;0 ;4 ;9 ;4 ;22 ;14 ;24 ;57 ;118 ;182 ;152 ;112 ;158 ;287 ;180 ;122 ;48 ;31 ;22 ;29 ;29 ;17 ;26 ;30 ;41 ;208 ;243 ;96 ;76 ;61 ;54 ;19 ;;
Ungarn;68 ;94 ;87 ;30 ;19 ;10 ;3 ;5 ;6 ;1 ;0 ;1 ;1 ;1 ;1 ;1 ;4 ;11 ;12 ;3 ;1 ;0 ;1 ;0 ;5 ;10 ;16 ;30 ;87 ;6 ;2 ;4 ;3 ;5 ;0 ;;
Uruguay;0 ;1 ;0 ;0 ;0 ;0 ;0 ;0 ;0 ;0 ;1 ;0 ;0 ;1 ;0 ;0 ;0 ;0 ;0 ;0 ;0 ;0 ;0 ;2 ;0 ;0 ;1 ;0 ;0 ;0 ;0 ;0 ;1 ;0 ;0 ;;
USA;0 ;0 ;1 ;0 ;0 ;1 ;2 ;3 ;0 ;1 ;1 ;2 ;1 ;1 ;3 ;4 ;2 ;12 ;3 ;3 ;2 ;0 ;2 ;2 ;6 ;7 ;1 ;2 ;6 ;4 ;5 ;3 ;12 ;11 ;1 ;;
Usbekistan;0 ;0 ;0 ;0 ;0 ;2 ;0 ;0 ;2 ;1 ;1 ;2 ;5 ;7 ;10 ;17 ;30 ;33 ;19 ;9 ;17 ;15 ;8 ;15 ;15 ;16 ;10 ;11 ;9 ;14 ;2 ;9 ;0 ;2 ;0 ;;
V. A. Emirate;0 ;0 ;0 ;0 ;0 ;0 ;0 ;0 ;0 ;0 ;0 ;0 ;0 ;0 ;0 ;4 ;0 ;0 ;0 ;0 ;0 ;0 ;1 ;0 ;0 ;0 ;0 ;0 ;0 ;0 ;1 ;0 ;0 ;0 ;0 ;;
Vanuatu;0 ;0 ;0 ;0 ;0 ;1 ;0 ;0 ;0 ;0 ;0 ;0 ;0 ;0 ;0 ;0 ;0 ;0 ;0 ;0 ;0 ;0 ;0 ;0 ;0 ;0 ;0 ;0 ;0 ;0 ;0 ;0 ;0 ;0 ;0 ;;
Venezuela;0 ;0 ;0 ;0 ;0 ;0 ;0 ;1 ;1 ;1 ;0 ;1 ;0 ;0 ;3 ;2 ;0 ;0 ;0 ;0 ;0 ;1 ;0 ;0 ;0 ;2 ;1 ;3 ;1 ;1 ;3 ;24 ;42 ;41 ;12 ;;
Vietnam;86 ;53 ;72 ;58 ;84 ;65 ;65 ;169 ;219 ;157 ;129 ;114 ;93 ;71 ;61 ;70 ;90 ;56 ;53 ;50 ;30 ;33 ;13 ;18 ;10 ;9 ;7 ;13 ;13 ;6 ;9 ;3 ;0 ;7 ;4 ;;
Westsahara;0 ;0 ;0 ;0 ;0 ;0 ;0 ;0 ;0 ;0 ;2 ;4 ;2 ;1 ;1 ;2 ;3 ;7 ;5 ;2 ;4 ;1 ;10 ;8 ;9 ;7 ;10 ;12 ;4 ;2 ;6 ;8 ;1 ;7 ;4 ;;
Central African Republic;0 ;1 ;0 ;0 ;0 ;2 ;1 ;0 ;0 ;0 ;0 ;3 ;2 ;2 ;1 ;4 ;2 ;3 ;1 ;1 ;2 ;2 ;1 ;1 ;0 ;1 ;1 ;3 ;4 ;7 ;19 ;16 ;2 ;5 ;2 ;;
Zimbabwe;0 ;0 ;0 ;0 ;0 ;0 ;1 ;0 ;0 ;1 ;1 ;0 ;0 ;0 ;1 ;0 ;13 ;18 ;16 ;16 ;19 ;16 ;48 ;20 ;17 ;31 ;18 ;15 ;5 ;7 ;6 ;3 ;0 ;6 ;2 ;;
Zypern;0 ;0 ;0 ;0 ;0 ;5 ;0 ;0 ;0 ;0 ;0 ;2 ;0 ;1 ;0 ;1 ;1 ;0 ;0 ;0 ;2 ;0 ;0 ;1 ;2 ;0 ;2 ;0 ;0 ;0 ;0 ;0 ;0 ;0 ;0 ;;
Staatenlos;0 ;1 ;3 ;9 ;4 ;9 ;4 ;0 ;2 ;0 ;0 ;1 ;3 ;12 ;7 ;7 ;1 ;10 ;3 ;1 ;1 ;1 ;2 ;9 ;12 ;3 ;18 ;21 ;56 ;25 ;9 ;11 ;13 ;16 ;2 ;;
Ohne Nationalität;0 ;1 ;0 ;0 ;3 ;0 ;4 ;10 ;3 ;7 ;9 ;17 ;28 ;18 ;20 ;36 ;76 ;91 ;74 ;57 ;39 ;43 ;73 ;90 ;97 ;85 ;131 ;171 ;309 ;380 ;144 ;77 ;116 ;88 ;31 ;;
Staat unbekannt;24 ;40 ;41 ;41 ;228 ;238 ;180 ;159 ;74 ;109 ;247 ;387 ;430 ;460 ;510 ;692 ;873 ;1’075 ;763 ;427 ;378 ;197 ;236 ;211 ;229 ;266 ;224 ;261 ;260 ;238 ;150 ;104 ;148 ;90 ;45 ;;
Ohne Angabe;5 ;5 ;4 ;1 ;6 ;8 ;28 ;13 ;2 ;3 ;2 ;3 ;9 ;8 ;9 ;1 ;8 ;1 ;3 ;2 ;3 ;1 ;370 ;222 ;8 ;2 ;6 ;3 ;3 ;0 ;0 ;0 ;0 ;0 ;0 ;;
Total;8’302 ;10’866 ;16’489 ;24’325 ;35’881 ;41’663 ;19’109 ;25’827 ;16’872 ;18’067 ;19’418 ;25’507 ;42’979 ;47’513 ;19’750 ;21’854 ;26’987 ;21’759 ;15’061 ;10’795 ;11’173 ;10’844 ;16’606 ;16’005 ;15’567 ;22’551 ;28’631 ;21’465 ;23’765 ;39’523 ;27’207 ;18’088 ;15’255 ;14’269 ;6’622 ;696’613 ;23220.43333
;;;;;;;;;;;;;;;;;;;;;;;;;;;;;;;;;;;;;
;;;;;;;;;;;;;;;;;;;;;;;;;;;;;;;;;;;;;
;;;;;;;;;;;;;;;;;;;;;;;;;;;;;;;;;;;;;
;;;;;;;;;;;;;;;;;;;;;;;;;;;;;;;;;;;;;
;;;;;;;;;;;;;;;;;;;;;;;;;;;;;;;;;;;;;
;;;;;;;;;;;;;;;;;;;;;;;;;;;;;;;;;;;;;
;;;;;;;;;;;;;;;;;;;;;;;;;;;;;;;;;;;;;
;;;;;;;;;;;;;;;;;;;;;;;;;;;;;;;;;;;;;
;;;;;;;;;;;;;;;;;;;;;;;;;;;;;;;;;;;;;
;;;;;;;;;;;;;;;;;;;;;;;;;;;;;;;;;;;;;
;;;;;;;;;;;;;;;;;;;;;;;;;;;;;;;;;;;;;
;;;;;;;;;;;;;;;;;;;;;;;;;;;;;;;;;;;;;
;;;;;;;;;;;;;;;;;;;;;;;;;;;;;;;;;;;;;
;;;;;;;;;;;;;;;;;;;;;;;;;;;;;;;;;;;;;
;;;;;;;;;;;;;;;;;;;;;;;;;;;;;;;;;;;;;
;;;;;;;;;;;;;;;;;;;;;;;;;;;;;;;;;;;;;
;;;;;;;;;;;;;;;;;;;;;;;;;;;;;;;;;;;;;
;;;;;;;;;;;;;;;;;;;;;;;;;;;;;;;;;;;;;
;;;;;;;;;;;;;;;;;;;;;;;;;;;;;;;;;;;;;
;;;;;;;;;;;;;;;;;;;;;;;;;;;;;;;;;;;;;
;;;;;;;;;;;;;;;;;;;;;;;;;;;;;;;;;;;;;
;;;;;;;;;;;;;;;;;;;;;;;;;;;;;;;;;;;;;
;;;;;;;;;;;;;;;;;;;;;;;;;;;;;;;;;;;;;
;;;;;;;;;;;;;;;;;;;;;;;;;;;;;;;;;;;;;
;;;;;;;;;;;;;;;;;;;;;;;;;;;;;;;;;;;;;
;;;;;;;;;;;;;;;;;;;;;;;;;;;;;;;;;;;;;
;;;;;;;;;;;;;;;;;;;;;;;;;;;;;;;;;;;;;
;;;;;;;;;;;;;;;;;;;;;;;;;;;;;;;;;;;;;
;;;;;;;;;;;;;;;;;;;;;;;;;;;;;;;;;;;;;
;;;;;;;;;;;;;;;;;;;;;;;;;;;;;;;;;;;;;
;;;;;;;;;;;;;;;;;;;;;;;;;;;;;;;;;;;;;
;;;;;;;;;;;;;;;;;;;;;;;;;;;;;;;;;;;;;
;;;;;;;;;;;;;;;;;;;;;;;;;;;;;;;;;;;;;
;;;;;;;;;;;;;;;;;;;;;;;;;;;;;;;;;;;;;
;;;;;;;;;;;;;;;;;;;;;;;;;;;;;;;;;;;;;
;;;;;;;;;;;;;;;;;;;;;;;;;;;;;;;;;;;;;
;;;;;;;;;;;;;;;;;;;;;;;;;;;;;;;;;;;;;
;;;;;;;;;;;;;;;;;;;;;;;;;;;;;;;;;;;;;
;;;;;;;;;;;;;;;;;;;;;;;;;;;;;;;;;;;;;
;;;;;;;;;;;;;;;;;;;;;;;;;;;;;;;;;;;;;
;;;;;;;;;;;;;;;;;;;;;;;;;;;;;;;;;;;;;
;;;;;;;;;;;;;;;;;;;;;;;;;;;;;;;;;;;;;
;;;;;;;;;;;;;;;;;;;;;;;;;;;;;;;;;;;;;
;;;;;;;;;;;;;;;;;;;;;;;;;;;;;;;;;;;;;
;;;;;;;;;;;;;;;;;;;;;;;;;;;;;;;;;;;;;
;;;;;;;;;;;;;;;;;;;;;;;;;;;;;;;;;;;;;
;;;;;;;;;;;;;;;;;;;;;;;;;;;;;;;;;;;;;
;;;;;;;;;;;;;;;;;;;;;;;;;;;;;;;;;;;;;
;;;;;;;;;;;;;;;;;;;;;;;;;;;;;;;;;;;;;
;;;;;;;;;;;;;;;;;;;;;;;;;;;;;;;;;;;;;
;;;;;;;;;;;;;;;;;;;;;;;;;;;;;;;;;;;;;
;;;;;;;;;;;;;;;;;;;;;;;;;;;;;;;;;;;;;
;;;;;;;;;;;;;;;;;;;;;;;;;;;;;;;;;;;;;
;;;;;;;;;;;;;;;;;;;;;;;;;;;;;;;;;;;;;
;;;;;;;;;;;;;;;;;;;;;;;;;;;;;;;;;;;;;
;;;;;;;;;;;;;;;;;;;;;;;;;;;;;;;;;;;;;
;;;;;;;;;;;;;;;;;;;;;;;;;;;;;;;;;;;;;
;;;;;;;;;;;;;;;;;;;;;;;;;;;;;;;;;;;;;
;;;;;;;;;;;;;;;;;;;;;;;;;;;;;;;;;;;;;
;;;;;;;;;;;;;;;;;;;;;;;;;;;;;;;;;;;;;
;;;;;;;;;;;;;;;;;;;;;;;;;;;;;;;;;;;;;
;;;;;;;;;;;;;;;;;;;;;;;;;;;;;;;;;;;;;
;;;;;;;;;;;;;;;;;;;;;;;;;;;;;;;;;;;;;
;;;;;;;;;;;;;;;;;;;;;;;;;;;;;;;;;;;;;
;;;;;;;;;;;;;;;;;;;;;;;;;;;;;;;;;;;;;
;;;;;;;;;;;;;;;;;;;;;;;;;;;;;;;;;;;;;
;;;;;;;;;;;;;;;;;;;;;;;;;;;;;;;;;;;;;
;;;;;;;;;;;;;;;;;;;;;;;;;;;;;;;;;;;;;
;;;;;;;;;;;;;;;;;;;;;;;;;;;;;;;;;;;;;
;;;;;;;;;;;;;;;;;;;;;;;;;;;;;;;;;;;;;
;;;;;;;;;;;;;;;;;;;;;;;;;;;;;;;;;;;;;
;;;;;;;;;;;;;;;;;;;;;;;;;;;;;;;;;;;;;
;;;;;;;;;;;;;;;;;;;;;;;;;;;;;;;;;;;;;
;;;;;;;;;;;;;;;;;;;;;;;;;;;;;;;;;;;;;
;;;;;;;;;;;;;;;;;;;;;;;;;;;;;;;;;;;;;
;;;;;;;;;;;;;;;;;;;;;;;;;;;;;;;;;;;;;
;;;;;;;;;;;;;;;;;;;;;;;;;;;;;;;;;;;;;
;;;;;;;;;;;;;;;;;;;;;;;;;;;;;;;;;;;;;
;;;;;;;;;;;;;;;;;;;;;;;;;;;;;;;;;;;;;
;;;;;;;;;;;;;;;;;;;;;;;;;;;;;;;;;;;;;
;;;;;;;;;;;;;;;;;;;;;;;;;;;;;;;;;;;;;
;;;;;;;;;;;;;;;;;;;;;;;;;;;;;;;;;;;;;
;;;;;;;;;;;;;;;;;;;;;;;;;;;;;;;;;;;;;
;;;;;;;;;;;;;;;;;;;;;;;;;;;;;;;;;;;;;
;;;;;;;;;;;;;;;;;;;;;;;;;;;;;;;;;;;;;
;;;;;;;;;;;;;;;;;;;;;;;;;;;;;;;;;;;;;
;;;;;;;;;;;;;;;;;;;;;;;;;;;;;;;;;;;;;
;;;;;;;;;;;;;;;;;;;;;;;;;;;;;;;;;;;;;
;;;;;;;;;;;;;;;;;;;;;;;;;;;;;;;;;;;;;
;;;;;;;;;;;;;;;;;;;;;;;;;;;;;;;;;;;;;
;;;;;;;;;;;;;;;;;;;;;;;;;;;;;;;;;;;;;
;;;;;;;;;;;;;;;;;;;;;;;;;;;;;;;;;;;;;
;;;;;;;;;;;;;;;;;;;;;;;;;;;;;;;;;;;;;
;;;;;;;;;;;;;;;;;;;;;;;;;;;;;;;;;;;;;
;;;;;;;;;;;;;;;;;;;;;;;;;;;;;;;;;;;;;
;;;;;;;;;;;;;;;;;;;;;;;;;;;;;;;;;;;;;
;;;;;;;;;;;;;;;;;;;;;;;;;;;;;;;;;;;;;
;;;;;;;;;;;;;;;;;;;;;;;;;;;;;;;;;;;;;
;;;;;;;;;;;;;;;;;;;;;;;;;;;;;;;;;;;;;
;;;;;;;;;;;;;;;;;;;;;;;;;;;;;;;;;;;;;
;;;;;;;;;;;;;;;;;;;;;;;;;;;;;;;;;;;;;
;;;;;;;;;;;;;;;;;;;;;;;;;;;;;;;;;;;;;
;;;;;;;;;;;;;;;;;;;;;;;;;;;;;;;;;;;;;
;;;;;;;;;;;;;;;;;;;;;;;;;;;;;;;;;;;;;
;;;;;;;;;;;;;;;;;;;;;;;;;;;;;;;;;;;;;
;;;;;;;;;;;;;;;;;;;;;;;;;;;;;;;;;;;;;
;;;;;;;;;;;;;;;;;;;;;;;;;;;;;;;;;;;;;
;;;;;;;;;;;;;;;;;;;;;;;;;;;;;;;;;;;;;
;;;;;;;;;;;;;;;;;;;;;;;;;;;;;;;;;;;;;
;;;;;;;;;;;;;;;;;;;;;;;;;;;;;;;;;;;;;
;;;;;;;;;;;;;;;;;;;;;;;;;;;;;;;;;;;;;
;;;;;;;;;;;;;;;;;;;;;;;;;;;;;;;;;;;;;
;;;;;;;;;;;;;;;;;;;;;;;;;;;;;;;;;;;;;
;;;;;;;;;;;;;;;;;;;;;;;;;;;;;;;;;;;;;
;;;;;;;;;;;;;;;;;;;;;;;;;;;;;;;;;;;;;
;;;;;;;;;;;;;;;;;;;;;;;;;;;;;;;;;;;;;
;;;;;;;;;;;;;;;;;;;;;;;;;;;;;;;;;;;;;
;;;;;;;;;;;;;;;;;;;;;;;;;;;;;;;;;;;;;
;;;;;;;;;;;;;;;;;;;;;;;;;;;;;;;;;;;;;
;;;;;;;;;;;;;;;;;;;;;;;;;;;;;;;;;;;;;
;;;;;;;;;;;;;;;;;;;;;;;;;;;;;;;;;;;;;
;;;;;;;;;;;;;;;;;;;;;;;;;;;;;;;;;;;;;
;;;;;;;;;;;;;;;;;;;;;;;;;;;;;;;;;;;;;
;;;;;;;;;;;;;;;;;;;;;;;;;;;;;;;;;;;;;
;;;;;;;;;;;;;;;;;;;;;;;;;;;;;;;;;;;;;
;;;;;;;;;;;;;;;;;;;;;;;;;;;;;;;;;;;;;
;;;;;;;;;;;;;;;;;;;;;;;;;;;;;;;;;;;;;
;;;;;;;;;;;;;;;;;;;;;;;;;;;;;;;;;;;;;
;;;;;;;;;;;;;;;;;;;;;;;;;;;;;;;;;;;;;
;;;;;;;;;;;;;;;;;;;;;;;;;;;;;;;;;;;;;
;;;;;;;;;;;;;;;;;;;;;;;;;;;;;;;;;;;;;
;;;;;;;;;;;;;;;;;;;;;;;;;;;;;;;;;;;;;
;;;;;;;;;;;;;;;;;;;;;;;;;;;;;;;;;;;;;
;;;;;;;;;;;;;;;;;;;;;;;;;;;;;;;;;;;;;
;;;;;;;;;;;;;;;;;;;;;;;;;;;;;;;;;;;;;
;;;;;;;;;;;;;;;;;;;;;;;;;;;;;;;;;;;;;
;;;;;;;;;;;;;;;;;;;;;;;;;;;;;;;;;;;;;
;;;;;;;;;;;;;;;;;;;;;;;;;;;;;;;;;;;;;
;;;;;;;;;;;;;;;;;;;;;;;;;;;;;;;;;;;;;
;;;;;;;;;;;;;;;;;;;;;;;;;;;;;;;;;;;;;
;;;;;;;;;;;;;;;;;;;;;;;;;;;;;;;;;;;;;
;;;;;;;;;;;;;;;;;;;;;;;;;;;;;;;;;;;;;
;;;;;;;;;;;;;;;;;;;;;;;;;;;;;;;;;;;;;
;;;;;;;;;;;;;;;;;;;;;;;;;;;;;;;;;;;;;
;;;;;;;;;;;;;;;;;;;;;;;;;;;;;;;;;;;;;
;;;;;;;;;;;;;;;;;;;;;;;;;;;;;;;;;;;;;
;;;;;;;;;;;;;;;;;;;;;;;;;;;;;;;;;;;;;
;;;;;;;;;;;;;;;;;;;;;;;;;;;;;;;;;;;;;
;;;;;;;;;;;;;;;;;;;;;;;;;;;;;;;;;;;;;
;;;;;;;;;;;;;;;;;;;;;;;;;;;;;;;;;;;;;
;;;;;;;;;;;;;;;;;;;;;;;;;;;;;;;;;;;;;
;;;;;;;;;;;;;;;;;;;;;;;;;;;;;;;;;;;;;
;;;;;;;;;;;;;;;;;;;;;;;;;;;;;;;;;;;;;
;;;;;;;;;;;;;;;;;;;;;;;;;;;;;;;;;;;;;
;;;;;;;;;;;;;;;;;;;;;;;;;;;;;;;;;;;;;
;;;;;;;;;;;;;;;;;;;;;;;;;;;;;;;;;;;;;
;;;;;;;;;;;;;;;;;;;;;;;;;;;;;;;;;;;;;
;;;;;;;;;;;;;;;;;;;;;;;;;;;;;;;;;;;;;
;;;;;;;;;;;;;;;;;;;;;;;;;;;;;;;;;;;;;
;;;;;;;;;;;;;;;;;;;;;;;;;;;;;;;;;;;;;
;;;;;;;;;;;;;;;;;;;;;;;;;;;;;;;;;;;;;
;;;;;;;;;;;;;;;;;;;;;;;;;;;;;;;;;;;;;
;;;;;;;;;;;;;;;;;;;;;;;;;;;;;;;;;;;;;
;;;;;;;;;;;;;;;;;;;;;;;;;;;;;;;;;;;;;
;;;;;;;;;;;;;;;;;;;;;;;;;;;;;;;;;;;;;
;;;;;;;;;;;;;;;;;;;;;;;;;;;;;;;;;;;;;
;;;;;;;;;;;;;;;;;;;;;;;;;;;;;;;;;;;;;
;;;;;;;;;;;;;;;;;;;;;;;;;;;;;;;;;;;;;
;;;;;;;;;;;;;;;;;;;;;;;;;;;;;;;;;;;;;
;;;;;;;;;;;;;;;;;;;;;;;;;;;;;;;;;;;;;
;;;;;;;;;;;;;;;;;;;;;;;;;;;;;;;;;;;;;
;;;;;;;;;;;;;;;;;;;;;;;;;;;;;;;;;;;;;
;;;;;;;;;;;;;;;;;;;;;;;;;;;;;;;;;;;;;
;;;;;;;;;;;;;;;;;;;;;;;;;;;;;;;;;;;;;
;;;;;;;;;;;;;;;;;;;;;;;;;;;;;;;;;;;;;
;;;;;;;;;;;;;;;;;;;;;;;;;;;;;;;;;;;;;
;;;;;;;;;;;;;;;;;;;;;;;;;;;;;;;;;;;;;
;;;;;;;;;;;;;;;;;;;;;;;;;;;;;;;;;;;;;
;;;;;;;;;;;;;;;;;;;;;;;;;;;;;;;;;;;;;
;;;;;;;;;;;;;;;;;;;;;;;;;;;;;;;;;;;;;
;;;;;;;;;;;;;;;;;;;;;;;;;;;;;;;;;;;;;
;;;;;;;;;;;;;;;;;;;;;;;;;;;;;;;;;;;;;
;;;;;;;;;;;;;;;;;;;;;;;;;;;;;;;;;;;;;
;;;;;;;;;;;;;;;;;;;;;;;;;;;;;;;;;;;;;
;;;;;;;;;;;;;;;;;;;;;;;;;;;;;;;;;;;;;
;;;;;;;;;;;;;;;;;;;;;;;;;;;;;;;;;;;;;
;;;;;;;;;;;;;;;;;;;;;;;;;;;;;;;;;;;;;
;;;;;;;;;;;;;;;;;;;;;;;;;;;;;;;;;;;;;
;;;;;;;;;;;;;;;;;;;;;;;;;;;;;;;;;;;;;
;;;;;;;;;;;;;;;;;;;;;;;;;;;;;;;;;;;;;
;;;;;;;;;;;;;;;;;;;;;;;;;;;;;;;;;;;;;
;;;;;;;;;;;;;;;;;;;;;;;;;;;;;;;;;;;;;
;;;;;;;;;;;;;;;;;;;;;;;;;;;;;;;;;;;;;
;;;;;;;;;;;;;;;;;;;;;;;;;;;;;;;;;;;;;
;;;;;;;;;;;;;;;;;;;;;;;;;;;;;;;;;;;;;
;;;;;;;;;;;;;;;;;;;;;;;;;;;;;;;;;;;;;
;;;;;;;;;;;;;;;;;;;;;;;;;;;;;;;;;;;;;
;;;;;;;;;;;;;;;;;;;;;;;;;;;;;;;;;;;;;
;;;;;;;;;;;;;;;;;;;;;;;;;;;;;;;;;;;;;
;;;;;;;;;;;;;;;;;;;;;;;;;;;;;;;;;;;;;
;;;;;;;;;;;;;;;;;;;;;;;;;;;;;;;;;;;;;
;;;;;;;;;;;;;;;;;;;;;;;;;;;;;;;;;;;;;
;;;;;;;;;;;;;;;;;;;;;;;;;;;;;;;;;;;;;
;;;;;;;;;;;;;;;;;;;;;;;;;;;;;;;;;;;;;
;;;;;;;;;;;;;;;;;;;;;;;;;;;;;;;;;;;;;
;;;;;;;;;;;;;;;;;;;;;;;;;;;;;;;;;;;;;
;;;;;;;;;;;;;;;;;;;;;;;;;;;;;;;;;;;;;
;;;;;;;;;;;;;;;;;;;;;;;;;;;;;;;;;;;;;
;;;;;;;;;;;;;;;;;;;;;;;;;;;;;;;;;;;;;
;;;;;;;;;;;;;;;;;;;;;;;;;;;;;;;;;;;;;
;;;;;;;;;;;;;;;;;;;;;;;;;;;;;;;;;;;;;
;;;;;;;;;;;;;;;;;;;;;;;;;;;;;;;;;;;;;
;;;;;;;;;;;;;;;;;;;;;;;;;;;;;;;;;;;;;
;;;;;;;;;;;;;;;;;;;;;;;;;;;;;;;;;;;;;
;;;;;;;;;;;;;;;;;;;;;;;;;;;;;;;;;;;;;
;;;;;;;;;;;;;;;;;;;;;;;;;;;;;;;;;;;;;
;;;;;;;;;;;;;;;;;;;;;;;;;;;;;;;;;;;;;
;;;;;;;;;;;;;;;;;;;;;;;;;;;;;;;;;;;;;
;;;;;;;;;;;;;;;;;;;;;;;;;;;;;;;;;;;;;
;;;;;;;;;;;;;;;;;;;;;;;;;;;;;;;;;;;;;
;;;;;;;;;;;;;;;;;;;;;;;;;;;;;;;;;;;;;
;;;;;;;;;;;;;;;;;;;;;;;;;;;;;;;;;;;;;
;;;;;;;;;;;;;;;;;;;;;;;;;;;;;;;;;;;;;
;;;;;;;;;;;;;;;;;;;;;;;;;;;;;;;;;;;;;
;;;;;;;;;;;;;;;;;;;;;;;;;;;;;;;;;;;;;
;;;;;;;;;;;;;;;;;;;;;;;;;;;;;;;;;;;;;
;;;;;;;;;;;;;;;;;;;;;;;;;;;;;;;;;;;;;
;;;;;;;;;;;;;;;;;;;;;;;;;;;;;;;;;;;;;
;;;;;;;;;;;;;;;;;;;;;;;;;;;;;;;;;;;;;
;;;;;;;;;;;;;;;;;;;;;;;;;;;;;;;;;;;;;
;;;;;;;;;;;;;;;;;;;;;;;;;;;;;;;;;;;;;
;;;;;;;;;;;;;;;;;;;;;;;;;;;;;;;;;;;;;
;;;;;;;;;;;;;;;;;;;;;;;;;;;;;;;;;;;;;
;;;;;;;;;;;;;;;;;;;;;;;;;;;;;;;;;;;;;
;;;;;;;;;;;;;;;;;;;;;;;;;;;;;;;;;;;;;
;;;;;;;;;;;;;;;;;;;;;;;;;;;;;;;;;;;;;
;;;;;;;;;;;;;;;;;;;;;;;;;;;;;;;;;;;;;
;;;;;;;;;;;;;;;;;;;;;;;;;;;;;;;;;;;;;
;;;;;;;;;;;;;;;;;;;;;;;;;;;;;;;;;;;;;
;;;;;;;;;;;;;;;;;;;;;;;;;;;;;;;;;;;;;
;;;;;;;;;;;;;;;;;;;;;;;;;;;;;;;;;;;;;
;;;;;;;;;;;;;;;;;;;;;;;;;;;;;;;;;;;;;
;;;;;;;;;;;;;;;;;;;;;;;;;;;;;;;;;;;;;
;;;;;;;;;;;;;;;;;;;;;;;;;;;;;;;;;;;;;
;;;;;;;;;;;;;;;;;;;;;;;;;;;;;;;;;;;;;
;;;;;;;;;;;;;;;;;;;;;;;;;;;;;;;;;;;;;
;;;;;;;;;;;;;;;;;;;;;;;;;;;;;;;;;;;;;
;;;;;;;;;;;;;;;;;;;;;;;;;;;;;;;;;;;;;
;;;;;;;;;;;;;;;;;;;;;;;;;;;;;;;;;;;;;
;;;;;;;;;;;;;;;;;;;;;;;;;;;;;;;;;;;;;
;;;;;;;;;;;;;;;;;;;;;;;;;;;;;;;;;;;;;
;;;;;;;;;;;;;;;;;;;;;;;;;;;;;;;;;;;;;
;;;;;;;;;;;;;;;;;;;;;;;;;;;;;;;;;;;;;
;;;;;;;;;;;;;;;;;;;;;;;;;;;;;;;;;;;;;
;;;;;;;;;;;;;;;;;;;;;;;;;;;;;;;;;;;;;
;;;;;;;;;;;;;;;;;;;;;;;;;;;;;;;;;;;;;
;;;;;;;;;;;;;;;;;;;;;;;;;;;;;;;;;;;;;
;;;;;;;;;;;;;;;;;;;;;;;;;;;;;;;;;;;;;
;;;;;;;;;;;;;;;;;;;;;;;;;;;;;;;;;;;;;
;;;;;;;;;;;;;;;;;;;;;;;;;;;;;;;;;;;;;
;;;;;;;;;;;;;;;;;;;;;;;;;;;;;;;;;;;;;
;;;;;;;;;;;;;;;;;;;;;;;;;;;;;;;;;;;;;
;;;;;;;;;;;;;;;;;;;;;;;;;;;;;;;;;;;;;
;;;;;;;;;;;;;;;;;;;;;;;;;;;;;;;;;;;;;
;;;;;;;;;;;;;;;;;;;;;;;;;;;;;;;;;;;;;
;;;;;;;;;;;;;;;;;;;;;;;;;;;;;;;;;;;;;
;;;;;;;;;;;;;;;;;;;;;;;;;;;;;;;;;;;;;
;;;;;;;;;;;;;;;;;;;;;;;;;;;;;;;;;;;;;
;;;;;;;;;;;;;;;;;;;;;;;;;;;;;;;;;;;;;
;;;;;;;;;;;;;;;;;;;;;;;;;;;;;;;;;;;;;
;;;;;;;;;;;;;;;;;;;;;;;;;;;;;;;;;;;;;
;;;;;;;;;;;;;;;;;;;;;;;;;;;;;;;;;;;;;
;;;;;;;;;;;;;;;;;;;;;;;;;;;;;;;;;;;;;
;;;;;;;;;;;;;;;;;;;;;;;;;;;;;;;;;;;;;
;;;;;;;;;;;;;;;;;;;;;;;;;;;;;;;;;;;;;
;;;;;;;;;;;;;;;;;;;;;;;;;;;;;;;;;;;;;
;;;;;;;;;;;;;;;;;;;;;;;;;;;;;;;;;;;;;
;;;;;;;;;;;;;;;;;;;;;;;;;;;;;;;;;;;;;
;;;;;;;;;;;;;;;;;;;;;;;;;;;;;;;;;;;;;
;;;;;;;;;;;;;;;;;;;;;;;;;;;;;;;;;;;;;
;;;;;;;;;;;;;;;;;;;;;;;;;;;;;;;;;;;;;
;;;;;;;;;;;;;;;;;;;;;;;;;;;;;;;;;;;;;
;;;;;;;;;;;;;;;;;;;;;;;;;;;;;;;;;;;;;
;;;;;;;;;;;;;;;;;;;;;;;;;;;;;;;;;;;;;
;;;;;;;;;;;;;;;;;;;;;;;;;;;;;;;;;;;;;
;;;;;;;;;;;;;;;;;;;;;;;;;;;;;;;;;;;;;
;;;;;;;;;;;;;;;;;;;;;;;;;;;;;;;;;;;;;
;;;;;;;;;;;;;;;;;;;;;;;;;;;;;;;;;;;;;
;;;;;;;;;;;;;;;;;;;;;;;;;;;;;;;;;;;;;
;;;;;;;;;;;;;;;;;;;;;;;;;;;;;;;;;;;;;
;;;;;;;;;;;;;;;;;;;;;;;;;;;;;;;;;;;;;
;;;;;;;;;;;;;;;;;;;;;;;;;;;;;;;;;;;;;
;;;;;;;;;;;;;;;;;;;;;;;;;;;;;;;;;;;;;
;;;;;;;;;;;;;;;;;;;;;;;;;;;;;;;;;;;;;
;;;;;;;;;;;;;;;;;;;;;;;;;;;;;;;;;;;;;
;;;;;;;;;;;;;;;;;;;;;;;;;;;;;;;;;;;;;
;;;;;;;;;;;;;;;;;;;;;;;;;;;;;;;;;;;;;
;;;;;;;;;;;;;;;;;;;;;;;;;;;;;;;;;;;;;
;;;;;;;;;;;;;;;;;;;;;;;;;;;;;;;;;;;;;
;;;;;;;;;;;;;;;;;;;;;;;;;;;;;;;;;;;;;
;;;;;;;;;;;;;;;;;;;;;;;;;;;;;;;;;;;;;
;;;;;;;;;;;;;;;;;;;;;;;;;;;;;;;;;;;;;
;;;;;;;;;;;;;;;;;;;;;;;;;;;;;;;;;;;;;
;;;;;;;;;;;;;;;;;;;;;;;;;;;;;;;;;;;;;
;;;;;;;;;;;;;;;;;;;;;;;;;;;;;;;;;;;;;
;;;;;;;;;;;;;;;;;;;;;;;;;;;;;;;;;;;;;
;;;;;;;;;;;;;;;;;;;;;;;;;;;;;;;;;;;;;
;;;;;;;;;;;;;;;;;;;;;;;;;;;;;;;;;;;;;
;;;;;;;;;;;;;;;;;;;;;;;;;;;;;;;;;;;;;
;;;;;;;;;;;;;;;;;;;;;;;;;;;;;;;;;;;;;
;;;;;;;;;;;;;;;;;;;;;;;;;;;;;;;;;;;;;
;;;;;;;;;;;;;;;;;;;;;;;;;;;;;;;;;;;;;
;;;;;;;;;;;;;;;;;;;;;;;;;;;;;;;;;;;;;
;;;;;;;;;;;;;;;;;;;;;;;;;;;;;;;;;;;;;
;;;;;;;;;;;;;;;;;;;;;;;;;;;;;;;;;;;;;
;;;;;;;;;;;;;;;;;;;;;;;;;;;;;;;;;;;;;
;;;;;;;;;;;;;;;;;;;;;;;;;;;;;;;;;;;;;
;;;;;;;;;;;;;;;;;;;;;;;;;;;;;;;;;;;;;
;;;;;;;;;;;;;;;;;;;;;;;;;;;;;;;;;;;;;
;;;;;;;;;;;;;;;;;;;;;;;;;;;;;;;;;;;;;
;;;;;;;;;;;;;;;;;;;;;;;;;;;;;;;;;;;;;
;;;;;;;;;;;;;;;;;;;;;;;;;;;;;;;;;;;;;
;;;;;;;;;;;;;;;;;;;;;;;;;;;;;;;;;;;;;
;;;;;;;;;;;;;;;;;;;;;;;;;;;;;;;;;;;;;
;;;;;;;;;;;;;;;;;;;;;;;;;;;;;;;;;;;;;
;;;;;;;;;;;;;;;;;;;;;;;;;;;;;;;;;;;;;
;;;;;;;;;;;;;;;;;;;;;;;;;;;;;;;;;;;;;
;;;;;;;;;;;;;;;;;;;;;;;;;;;;;;;;;;;;;
;;;;;;;;;;;;;;;;;;;;;;;;;;;;;;;;;;;;;
;;;;;;;;;;;;;;;;;;;;;;;;;;;;;;;;;;;;;
;;;;;;;;;;;;;;;;;;;;;;;;;;;;;;;;;;;;;
;;;;;;;;;;;;;;;;;;;;;;;;;;;;;;;;;;;;;
;;;;;;;;;;;;;;;;;;;;;;;;;;;;;;;;;;;;;
;;;;;;;;;;;;;;;;;;;;;;;;;;;;;;;;;;;;;
;;;;;;;;;;;;;;;;;;;;;;;;;;;;;;;;;;;;;
;;;;;;;;;;;;;;;;;;;;;;;;;;;;;;;;;;;;;
;;;;;;;;;;;;;;;;;;;;;;;;;;;;;;;;;;;;;
;;;;;;;;;;;;;;;;;;;;;;;;;;;;;;;;;;;;;
;;;;;;;;;;;;;;;;;;;;;;;;;;;;;;;;;;;;;
;;;;;;;;;;;;;;;;;;;;;;;;;;;;;;;;;;;;;
;;;;;;;;;;;;;;;;;;;;;;;;;;;;;;;;;;;;;
;;;;;;;;;;;;;;;;;;;;;;;;;;;;;;;;;;;;;
;;;;;;;;;;;;;;;;;;;;;;;;;;;;;;;;;;;;;
;;;;;;;;;;;;;;;;;;;;;;;;;;;;;;;;;;;;;
;;;;;;;;;;;;;;;;;;;;;;;;;;;;;;;;;;;;;
;;;;;;;;;;;;;;;;;;;;;;;;;;;;;;;;;;;;;
;;;;;;;;;;;;;;;;;;;;;;;;;;;;;;;;;;;;;
;;;;;;;;;;;;;;;;;;;;;;;;;;;;;;;;;;;;;
;;;;;;;;;;;;;;;;;;;;;;;;;;;;;;;;;;;;;
;;;;;;;;;;;;;;;;;;;;;;;;;;;;;;;;;;;;;
;;;;;;;;;;;;;;;;;;;;;;;;;;;;;;;;;;;;;
;;;;;;;;;;;;;;;;;;;;;;;;;;;;;;;;;;;;;
;;;;;;;;;;;;;;;;;;;;;;;;;;;;;;;;;;;;;
;;;;;;;;;;;;;;;;;;;;;;;;;;;;;;;;;;;;;
;;;;;;;;;;;;;;;;;;;;;;;;;;;;;;;;;;;;;
;;;;;;;;;;;;;;;;;;;;;;;;;;;;;;;;;;;;;
;;;;;;;;;;;;;;;;;;;;;;;;;;;;;;;;;;;;;
;;;;;;;;;;;;;;;;;;;;;;;;;;;;;;;;;;;;;
;;;;;;;;;;;;;;;;;;;;;;;;;;;;;;;;;;;;;
;;;;;;;;;;;;;;;;;;;;;;;;;;;;;;;;;;;;;
;;;;;;;;;;;;;;;;;;;;;;;;;;;;;;;;;;;;;
;;;;;;;;;;;;;;;;;;;;;;;;;;;;;;;;;;;;;
;;;;;;;;;;;;;;;;;;;;;;;;;;;;;;;;;;;;;
;;;;;;;;;;;;;;;;;;;;;;;;;;;;;;;;;;;;;
;;;;;;;;;;;;;;;;;;;;;;;;;;;;;;;;;;;;;
;;;;;;;;;;;;;;;;;;;;;;;;;;;;;;;;;;;;;
;;;;;;;;;;;;;;;;;;;;;;;;;;;;;;;;;;;;;
;;;;;;;;;;;;;;;;;;;;;;;;;;;;;;;;;;;;;
;;;;;;;;;;;;;;;;;;;;;;;;;;;;;;;;;;;;;
;;;;;;;;;;;;;;;;;;;;;;;;;;;;;;;;;;;;;
;;;;;;;;;;;;;;;;;;;;;;;;;;;;;;;;;;;;;
;;;;;;;;;;;;;;;;;;;;;;;;;;;;;;;;;;;;;
;;;;;;;;;;;;;;;;;;;;;;;;;;;;;;;;;;;;;
;;;;;;;;;;;;;;;;;;;;;;;;;;;;;;;;;;;;;
;;;;;;;;;;;;;;;;;;;;;;;;;;;;;;;;;;;;;
;;;;;;;;;;;;;;;;;;;;;;;;;;;;;;;;;;;;;
;;;;;;;;;;;;;;;;;;;;;;;;;;;;;;;;;;;;;
;;;;;;;;;;;;;;;;;;;;;;;;;;;;;;;;;;;;;
;;;;;;;;;;;;;;;;;;;;;;;;;;;;;;;;;;;;;
;;;;;;;;;;;;;;;;;;;;;;;;;;;;;;;;;;;;;
;;;;;;;;;;;;;;;;;;;;;;;;;;;;;;;;;;;;;
;;;;;;;;;;;;;;;;;;;;;;;;;;;;;;;;;;;;;
;;;;;;;;;;;;;;;;;;;;;;;;;;;;;;;;;;;;;
;;;;;;;;;;;;;;;;;;;;;;;;;;;;;;;;;;;;;
;;;;;;;;;;;;;;;;;;;;;;;;;;;;;;;;;;;;;
;;;;;;;;;;;;;;;;;;;;;;;;;;;;;;;;;;;;;
;;;;;;;;;;;;;;;;;;;;;;;;;;;;;;;;;;;;;
;;;;;;;;;;;;;;;;;;;;;;;;;;;;;;;;;;;;;
;;;;;;;;;;;;;;;;;;;;;;;;;;;;;;;;;;;;;
;;;;;;;;;;;;;;;;;;;;;;;;;;;;;;;;;;;;;
;;;;;;;;;;;;;;;;;;;;;;;;;;;;;;;;;;;;;
;;;;;;;;;;;;;;;;;;;;;;;;;;;;;;;;;;;;;
;;;;;;;;;;;;;;;;;;;;;;;;;;;;;;;;;;;;;
;;;;;;;;;;;;;;;;;;;;;;;;;;;;;;;;;;;;;
;;;;;;;;;;;;;;;;;;;;;;;;;;;;;;;;;;;;;
;;;;;;;;;;;;;;;;;;;;;;;;;;;;;;;;;;;;;
;;;;;;;;;;;;;;;;;;;;;;;;;;;;;;;;;;;;;
;;;;;;;;;;;;;;;;;;;;;;;;;;;;;;;;;;;;;
;;;;;;;;;;;;;;;;;;;;;;;;;;;;;;;;;;;;;
;;;;;;;;;;;;;;;;;;;;;;;;;;;;;;;;;;;;;
;;;;;;;;;;;;;;;;;;;;;;;;;;;;;;;;;;;;;
;;;;;;;;;;;;;;;;;;;;;;;;;;;;;;;;;;;;;
;;;;;;;;;;;;;;;;;;;;;;;;;;;;;;;;;;;;;
;;;;;;;;;;;;;;;;;;;;;;;;;;;;;;;;;;;;;
;;;;;;;;;;;;;;;;;;;;;;;;;;;;;;;;;;;;;
;;;;;;;;;;;;;;;;;;;;;;;;;;;;;;;;;;;;;
;;;;;;;;;;;;;;;;;;;;;;;;;;;;;;;;;;;;;
;;;;;;;;;;;;;;;;;;;;;;;;;;;;;;;;;;;;;
;;;;;;;;;;;;;;;;;;;;;;;;;;;;;;;;;;;;;
;;;;;;;;;;;;;;;;;;;;;;;;;;;;;;;;;;;;;
;;;;;;;;;;;;;;;;;;;;;;;;;;;;;;;;;;;;;
;;;;;;;;;;;;;;;;;;;;;;;;;;;;;;;;;;;;;
;;;;;;;;;;;;;;;;;;;;;;;;;;;;;;;;;;;;;
;;;;;;;;;;;;;;;;;;;;;;;;;;;;;;;;;;;;;
;;;;;;;;;;;;;;;;;;;;;;;;;;;;;;;;;;;;;
;;;;;;;;;;;;;;;;;;;;;;;;;;;;;;;;;;;;;
;;;;;;;;;;;;;;;;;;;;;;;;;;;;;;;;;;;;;
;;;;;;;;;;;;;;;;;;;;;;;;;;;;;;;;;;;;;
;;;;;;;;;;;;;;;;;;;;;;;;;;;;;;;;;;;;;
;;;;;;;;;;;;;;;;;;;;;;;;;;;;;;;;;;;;;
;;;;;;;;;;;;;;;;;;;;;;;;;;;;;;;;;;;;;
;;;;;;;;;;;;;;;;;;;;;;;;;;;;;;;;;;;;;
;;;;;;;;;;;;;;;;;;;;;;;;;;;;;;;;;;;;;
;;;;;;;;;;;;;;;;;;;;;;;;;;;;;;;;;;;;;
;;;;;;;;;;;;;;;;;;;;;;;;;;;;;;;;;;;;;
;;;;;;;;;;;;;;;;;;;;;;;;;;;;;;;;;;;;;
;;;;;;;;;;;;;;;;;;;;;;;;;;;;;;;;;;;;;
;;;;;;;;;;;;;;;;;;;;;;;;;;;;;;;;;;;;;
;;;;;;;;;;;;;;;;;;;;;;;;;;;;;;;;;;;;;
;;;;;;;;;;;;;;;;;;;;;;;;;;;;;;;;;;;;;
;;;;;;;;;;;;;;;;;;;;;;;;;;;;;;;;;;;;;
;;;;;;;;;;;;;;;;;;;;;;;;;;;;;;;;;;;;;
;;;;;;;;;;;;;;;;;;;;;;;;;;;;;;;;;;;;;
;;;;;;;;;;;;;;;;;;;;;;;;;;;;;;;;;;;;;
;;;;;;;;;;;;;;;;;;;;;;;;;;;;;;;;;;;;;
;;;;;;;;;;;;;;;;;;;;;;;;;;;;;;;;;;;;;
;;;;;;;;;;;;;;;;;;;;;;;;;;;;;;;;;;;;;
;;;;;;;;;;;;;;;;;;;;;;;;;;;;;;;;;;;;;
;;;;;;;;;;;;;;;;;;;;;;;;;;;;;;;;;;;;;
;;;;;;;;;;;;;;;;;;;;;;;;;;;;;;;;;;;;;
;;;;;;;;;;;;;;;;;;;;;;;;;;;;;;;;;;;;;
;;;;;;;;;;;;;;;;;;;;;;;;;;;;;;;;;;;;;
;;;;;;;;;;;;;;;;;;;;;;;;;;;;;;;;;;;;;
;;;;;;;;;;;;;;;;;;;;;;;;;;;;;;;;;;;;;
;;;;;;;;;;;;;;;;;;;;;;;;;;;;;;;;;;;;;
;;;;;;;;;;;;;;;;;;;;;;;;;;;;;;;;;;;;;
;;;;;;;;;;;;;;;;;;;;;;;;;;;;;;;;;;;;;
;;;;;;;;;;;;;;;;;;;;;;;;;;;;;;;;;;;;;
;;;;;;;;;;;;;;;;;;;;;;;;;;;;;;;;;;;;;
;;;;;;;;;;;;;;;;;;;;;;;;;;;;;;;;;;;;;
;;;;;;;;;;;;;;;;;;;;;;;;;;;;;;;;;;;;;
;;;;;;;;;;;;;;;;;;;;;;;;;;;;;;;;;;;;;
;;;;;;;;;;;;;;;;;;;;;;;;;;;;;;;;;;;;;
;;;;;;;;;;;;;;;;;;;;;;;;;;;;;;;;;;;;;
;;;;;;;;;;;;;;;;;;;;;;;;;;;;;;;;;;;;;
;;;;;;;;;;;;;;;;;;;;;;;;;;;;;;;;;;;;;
;;;;;;;;;;;;;;;;;;;;;;;;;;;;;;;;;;;;;
;;;;;;;;;;;;;;;;;;;;;;;;;;;;;;;;;;;;;
;;;;;;;;;;;;;;;;;;;;;;;;;;;;;;;;;;;;;
;;;;;;;;;;;;;;;;;;;;;;;;;;;;;;;;;;;;;
;;;;;;;;;;;;;;;;;;;;;;;;;;;;;;;;;;;;;
;;;;;;;;;;;;;;;;;;;;;;;;;;;;;;;;;;;;;
;;;;;;;;;;;;;;;;;;;;;;;;;;;;;;;;;;;;;
;;;;;;;;;;;;;;;;;;;;;;;;;;;;;;;;;;;;;
;;;;;;;;;;;;;;;;;;;;;;;;;;;;;;;;;;;;;
;;;;;;;;;;;;;;;;;;;;;;;;;;;;;;;;;;;;;
;;;;;;;;;;;;;;;;;;;;;;;;;;;;;;;;;;;;;
;;;;;;;;;;;;;;;;;;;;;;;;;;;;;;;;;;;;;
;;;;;;;;;;;;;;;;;;;;;;;;;;;;;;;;;;;;;
;;;;;;;;;;;;;;;;;;;;;;;;;;;;;;;;;;;;;
;;;;;;;;;;;;;;;;;;;;;;;;;;;;;;;;;;;;;
;;;;;;;;;;;;;;;;;;;;;;;;;;;;;;;;;;;;;
;;;;;;;;;;;;;;;;;;;;;;;;;;;;;;;;;;;;;
;;;;;;;;;;;;;;;;;;;;;;;;;;;;;;;;;;;;;
;;;;;;;;;;;;;;;;;;;;;;;;;;;;;;;;;;;;;
;;;;;;;;;;;;;;;;;;;;;;;;;;;;;;;;;;;;;
;;;;;;;;;;;;;;;;;;;;;;;;;;;;;;;;;;;;;
;;;;;;;;;;;;;;;;;;;;;;;;;;;;;;;;;;;;;
;;;;;;;;;;;;;;;;;;;;;;;;;;;;;;;;;;;;;
;;;;;;;;;;;;;;;;;;;;;;;;;;;;;;;;;;;;;
;;;;;;;;;;;;;;;;;;;;;;;;;;;;;;;;;;;;;
;;;;;;;;;;;;;;;;;;;;;;;;;;;;;;;;;;;;;
;;;;;;;;;;;;;;;;;;;;;;;;;;;;;;;;;;;;;
;;;;;;;;;;;;;;;;;;;;;;;;;;;;;;;;;;;;;
;;;;;;;;;;;;;;;;;;;;;;;;;;;;;;;;;;;;;
;;;;;;;;;;;;;;;;;;;;;;;;;;;;;;;;;;;;;
;;;;;;;;;;;;;;;;;;;;;;;;;;;;;;;;;;;;;
;;;;;;;;;;;;;;;;;;;;;;;;;;;;;;;;;;;;;
;;;;;;;;;;;;;;;;;;;;;;;;;;;;;;;;;;;;;
;;;;;;;;;;;;;;;;;;;;;;;;;;;;;;;;;;;;;
;;;;;;;;;;;;;;;;;;;;;;;;;;;;;;;;;;;;;
;;;;;;;;;;;;;;;;;;;;;;;;;;;;;;;;;;;;;
;;;;;;;;;;;;;;;;;;;;;;;;;;;;;;;;;;;;;
;;;;;;;;;;;;;;;;;;;;;;;;;;;;;;;;;;;;;
;;;;;;;;;;;;;;;;;;;;;;;;;;;;;;;;;;;;;
;;;;;;;;;;;;;;;;;;;;;;;;;;;;;;;;;;;;;
;;;;;;;;;;;;;;;;;;;;;;;;;;;;;;;;;;;;;
;;;;;;;;;;;;;;;;;;;;;;;;;;;;;;;;;;;;;
;;;;;;;;;;;;;;;;;;;;;;;;;;;;;;;;;;;;;
;;;;;;;;;;;;;;;;;;;;;;;;;;;;;;;;;;;;;
;;;;;;;;;;;;;;;;;;;;;;;;;;;;;;;;;;;;;
;;;;;;;;;;;;;;;;;;;;;;;;;;;;;;;;;;;;;
;;;;;;;;;;;;;;;;;;;;;;;;;;;;;;;;;;;;;
;;;;;;;;;;;;;;;;;;;;;;;;;;;;;;;;;;;;;
;;;;;;;;;;;;;;;;;;;;;;;;;;;;;;;;;;;;;
;;;;;;;;;;;;;;;;;;;;;;;;;;;;;;;;;;;;;
;;;;;;;;;;;;;;;;;;;;;;;;;;;;;;;;;;;;;
;;;;;;;;;;;;;;;;;;;;;;;;;;;;;;;;;;;;;
;;;;;;;;;;;;;;;;;;;;;;;;;;;;;;;;;;;;;
;;;;;;;;;;;;;;;;;;;;;;;;;;;;;;;;;;;;;
;;;;;;;;;;;;;;;;;;;;;;;;;;;;;;;;;;;;;
;;;;;;;;;;;;;;;;;;;;;;;;;;;;;;;;;;;;;
;;;;;;;;;;;;;;;;;;;;;;;;;;;;;;;;;;;;;
;;;;;;;;;;;;;;;;;;;;;;;;;;;;;;;;;;;;;
;;;;;;;;;;;;;;;;;;;;;;;;;;;;;;;;;;;;;
;;;;;;;;;;;;;;;;;;;;;;;;;;;;;;;;;;;;;
;;;;;;;;;;;;;;;;;;;;;;;;;;;;;;;;;;;;;
;;;;;;;;;;;;;;;;;;;;;;;;;;;;;;;;;;;;;
;;;;;;;;;;;;;;;;;;;;;;;;;;;;;;;;;;;;;
;;;;;;;;;;;;;;;;;;;;;;;;;;;;;;;;;;;;;
;;;;;;;;;;;;;;;;;;;;;;;;;;;;;;;;;;;;;
;;;;;;;;;;;;;;;;;;;;;;;;;;;;;;;;;;;;;
;;;;;;;;;;;;;;;;;;;;;;;;;;;;;;;;;;;;;
;;;;;;;;;;;;;;;;;;;;;;;;;;;;;;;;;;;;;
;;;;;;;;;;;;;;;;;;;;;;;;;;;;;;;;;;;;;
;;;;;;;;;;;;;;;;;;;;;;;;;;;;;;;;;;;;;
;;;;;;;;;;;;;;;;;;;;;;;;;;;;;;;;;;;;;
;;;;;;;;;;;;;;;;;;;;;;;;;;;;;;;;;;;;;
;;;;;;;;;;;;;;;;;;;;;;;;;;;;;;;;;;;;;
;;;;;;;;;;;;;;;;;;;;;;;;;;;;;;;;;;;;;
;;;;;;;;;;;;;;;;;;;;;;;;;;;;;;;;;;;;;
;;;;;;;;;;;;;;;;;;;;;;;;;;;;;;;;;;;;;
;;;;;;;;;;;;;;;;;;;;;;;;;;;;;;;;;;;;;
;;;;;;;;;;;;;;;;;;;;;;;;;;;;;;;;;;;;;
;;;;;;;;;;;;;;;;;;;;;;;;;;;;;;;;;;;;;
;;;;;;;;;;;;;;;;;;;;;;;;;;;;;;;;;;;;;
;;;;;;;;;;;;;;;;;;;;;;;;;;;;;;;;;;;;;
;;;;;;;;;;;;;;;;;;;;;;;;;;;;;;;;;;;;;
;;;;;;;;;;;;;;;;;;;;;;;;;;;;;;;;;;;;;
;;;;;;;;;;;;;;;;;;;;;;;;;;;;;;;;;;;;;
;;;;;;;;;;;;;;;;;;;;;;;;;;;;;;;;;;;;;
;;;;;;;;;;;;;;;;;;;;;;;;;;;;;;;;;;;;;
;;;;;;;;;;;;;;;;;;;;;;;;;;;;;;;;;;;;;
;;;;;;;;;;;;;;;;;;;;;;;;;;;;;;;;;;;;;
;;;;;;;;;;;;;;;;;;;;;;;;;;;;;;;;;;;;;
;;;;;;;;;;;;;;;;;;;;;;;;;;;;;;;;;;;;;
;;;;;;;;;;;;;;;;;;;;;;;;;;;;;;;;;;;;;
;;;;;;;;;;;;;;;;;;;;;;;;;;;;;;;;;;;;;
;;;;;;;;;;;;;;;;;;;;;;;;;;;;;;;;;;;;;
;;;;;;;;;;;;;;;;;;;;;;;;;;;;;;;;;;;;;
;;;;;;;;;;;;;;;;;;;;;;;;;;;;;;;;;;;;;
;;;;;;;;;;;;;;;;;;;;;;;;;;;;;;;;;;;;;
;;;;;;;;;;;;;;;;;;;;;;;;;;;;;;;;;;;;;
;;;;;;;;;;;;;;;;;;;;;;;;;;;;;;;;;;;;;
;;;;;;;;;;;;;;;;;;;;;;;;;;;;;;;;;;;;;
;;;;;;;;;;;;;;;;;;;;;;;;;;;;;;;;;;;;;
;;;;;;;;;;;;;;;;;;;;;;;;;;;;;;;;;;;;;
;;;;;;;;;;;;;;;;;;;;;;;;;;;;;;;;;;;;;
;;;;;;;;;;;;;;;;;;;;;;;;;;;;;;;;;;;;;
;;;;;;;;;;;;;;;;;;;;;;;;;;;;;;;;;;;;;
;;;;;;;;;;;;;;;;;;;;;;;;;;;;;;;;;;;;;
;;;;;;;;;;;;;;;;;;;;;;;;;;;;;;;;;;;;;
;;;;;;;;;;;;;;;;;;;;;;;;;;;;;;;;;;;;;
;;;;;;;;;;;;;;;;;;;;;;;;;;;;;;;;;;;;;
;;;;;;;;;;;;;;;;;;;;;;;;;;;;;;;;;;;;;
;;;;;;;;;;;;;;;;;;;;;;;;;;;;;;;;;;;;;
;;;;;;;;;;;;;;;;;;;;;;;;;;;;;;;;;;;;;
;;;;;;;;;;;;;;;;;;;;;;;;;;;;;;;;;;;;;
;;;;;;;;;;;;;;;;;;;;;;;;;;;;;;;;;;;;;
;;;;;;;;;;;;;;;;;;;;;;;;;;;;;;;;;;;;;
;;;;;;;;;;;;;;;;;;;;;;;;;;;;;;;;;;;;;
;;;;;;;;;;;;;;;;;;;;;;;;;;;;;;;;;;;;;
;;;;;;;;;;;;;;;;;;;;;;;;;;;;;;;;;;;;;
;;;;;;;;;;;;;;;;;;;;;;;;;;;;;;;;;;;;;
;;;;;;;;;;;;;;;;;;;;;;;;;;;;;;;;;;;;;
;;;;;;;;;;;;;;;;;;;;;;;;;;;;;;;;;;;;;
;;;;;;;;;;;;;;;;;;;;;;;;;;;;;;;;;;;;;
;;;;;;;;;;;;;;;;;;;;;;;;;;;;;;;;;;;;;
;;;;;;;;;;;;;;;;;;;;;;;;;;;;;;;;;;;;;
;;;;;;;;;;;;;;;;;;;;;;;;;;;;;;;;;;;;;
;;;;;;;;;;;;;;;;;;;;;;;;;;;;;;;;;;;;;
;;;;;;;;;;;;;;;;;;;;;;;;;;;;;;;;;;;;;
;;;;;;;;;;;;;;;;;;;;;;;;;;;;;;;;;;;;;
;;;;;;;;;;;;;;;;;;;;;;;;;;;;;;;;;;;;;
;;;;;;;;;;;;;;;;;;;;;;;;;;;;;;;;;;;;;
;;;;;;;;;;;;;;;;;;;;;;;;;;;;;;;;;;;;;
;;;;;;;;;;;;;;;;;;;;;;;;;;;;;;;;;;;;;
;;;;;;;;;;;;;;;;;;;;;;;;;;;;;;;;;;;;;
;;;;;;;;;;;;;;;;;;;;;;;;;;;;;;;;;;;;;
;;;;;;;;;;;;;;;;;;;;;;;;;;;;;;;;;;;;;
;;;;;;;;;;;;;;;;;;;;;;;;;;;;;;;;;;;;;
;;;;;;;;;;;;;;;;;;;;;;;;;;;;;;;;;;;;;
;;;;;;;;;;;;;;;;;;;;;;;;;;;;;;;;;;;;;
;;;;;;;;;;;;;;;;;;;;;;;;;;;;;;;;;;;;;
;;;;;;;;;;;;;;;;;;;;;;;;;;;;;;;;;;;;;
;;;;;;;;;;;;;;;;;;;;;;;;;;;;;;;;;;;;;
;;;;;;;;;;;;;;;;;;;;;;;;;;;;;;;;;;;;;
;;;;;;;;;;;;;;;;;;;;;;;;;;;;;;;;;;;;;
;;;;;;;;;;;;;;;;;;;;;;;;;;;;;;;;;;;;;
;;;;;;;;;;;;;;;;;;;;;;;;;;;;;;;;;;;;;
;;;;;;;;;;;;;;;;;;;;;;;;;;;;;;;;;;;;;
;;;;;;;;;;;;;;;;;;;;;;;;;;;;;;;;;;;;;
;;;;;;;;;;;;;;;;;;;;;;;;;;;;;;;;;;;;;
;;;;;;;;;;;;;;;;;;;;;;;;;;;;;;;;;;;;;
;;;;;;;;;;;;;;;;;;;;;;;;;;;;;;;;;;;;;
;;;;;;;;;;;;;;;;;;;;;;;;;;;;;;;;;;;;;
;;;;;;;;;;;;;;;;;;;;;;;;;;;;;;;;;;;;;
;;;;;;;;;;;;;;;;;;;;;;;;;;;;;;;;;;;;;
;;;;;;;;;;;;;;;;;;;;;;;;;;;;;;;;;;;;;
;;;;;;;;;;;;;;;;;;;;;;;;;;;;;;;;;;;;;
;;;;;;;;;;;;;;;;;;;;;;;;;;;;;;;;;;;;;
;;;;;;;;;;;;;;;;;;;;;;;;;;;;;;;;;;;;;
;;;;;;;;;;;;;;;;;;;;;;;;;;;;;;;;;;;;;
;;;;;;;;;;;;;;;;;;;;;;;;;;;;;;;;;;;;;
;;;;;;;;;;;;;;;;;;;;;;;;;;;;;;;;;;;;;
;;;;;;;;;;;;;;;;;;;;;;;;;;;;;;;;;;;;;
;;;;;;;;;;;;;;;;;;;;;;;;;;;;;;;;;;;;;
;;;;;;;;;;;;;;;;;;;;;;;;;;;;;;;;;;;;;
;;;;;;;;;;;;;;;;;;;;;;;;;;;;;;;;;;;;;
;;;;;;;;;;;;;;;;;;;;;;;;;;;;;;;;;;;;;
;;;;;;;;;;;;;;;;;;;;;;;;;;;;;;;;;;;;;
;;;;;;;;;;;;;;;;;;;;;;;;;;;;;;;;;;;;;
;;;;;;;;;;;;;;;;;;;;;;;;;;;;;;;;;;;;;
;;;;;;;;;;;;;;;;;;;;;;;;;;;;;;;;;;;;;
;;;;;;;;;;;;;;;;;;;;;;;;;;;;;;;;;;;;;
;;;;;;;;;;;;;;;;;;;;;;;;;;;;;;;;;;;;;
;;;;;;;;;;;;;;;;;;;;;;;;;;;;;;;;;;;;;
;;;;;;;;;;;;;;;;;;;;;;;;;;;;;;;;;;;;;
;;;;;;;;;;;;;;;;;;;;;;;;;;;;;;;;;;;;;
;;;;;;;;;;;;;;;;;;;;;;;;;;;;;;;;;;;;;
;;;;;;;;;;;;;;;;;;;;;;;;;;;;;;;;;;;;;
;;;;;;;;;;;;;;;;;;;;;;;;;;;;;;;;;;;;;
;;;;;;;;;;;;;;;;;;;;;;;;;;;;;;;;;;;;;
;;;;;;;;;;;;;;;;;;;;;;;;;;;;;;;;;;;;;
;;;;;;;;;;;;;;;;;;;;;;;;;;;;;;;;;;;;;
;;;;;;;;;;;;;;;;;;;;;;;;;;;;;;;;;;;;;
;;;;;;;;;;;;;;;;;;;;;;;;;;;;;;;;;;;;;
;;;;;;;;;;;;;;;;;;;;;;;;;;;;;;;;;;;;;
;;;;;;;;;;;;;;;;;;;;;;;;;;;;;;;;;;;;;
;;;;;;;;;;;;;;;;;;;;;;;;;;;;;;;;;;;;;
;;;;;;;;;;;;;;;;;;;;;;;;;;;;;;;;;;;;;
;;;;;;;;;;;;;;;;;;;;;;;;;;;;;;;;;;;;;
;;;;;;;;;;;;;;;;;;;;;;;;;;;;;;;;;;;;;
;;;;;;;;;;;;;;;;;;;;;;;;;;;;;;;;;;;;;
;;;;;;;;;;;;;;;;;;;;;;;;;;;;;;;;;;;;;
;;;;;;;;;;;;;;;;;;;;;;;;;;;;;;;;;;;;;
;;;;;;;;;;;;;;;;;;;;;;;;;;;;;;;;;;;;;
;;;;;;;;;;;;;;;;;;;;;;;;;;;;;;;;;;;;;
;;;;;;;;;;;;;;;;;;;;;;;;;;;;;;;;;;;;;
;;;;;;;;;;;;;;;;;;;;;;;;;;;;;;;;;;;;;
;;;;;;;;;;;;;;;;;;;;;;;;;;;;;;;;;;;;;
;;;;;;;;;;;;;;;;;;;;;;;;;;;;;;;;;;;;;
;;;;;;;;;;;;;;;;;;;;;;;;;;;;;;;;;;;;;
;;;;;;;;;;;;;;;;;;;;;;;;;;;;;;;;;;;;;
;;;;;;;;;;;;;;;;;;;;;;;;;;;;;;;;;;;;;
;;;;;;;;;;;;;;;;;;;;;;;;;;;;;;;;;;;;;
;;;;;;;;;;;;;;;;;;;;;;;;;;;;;;;;;;;;;
;;;;;;;;;;;;;;;;;;;;;;;;;;;;;;;;;;;;;
;;;;;;;;;;;;;;;;;;;;;;;;;;;;;;;;;;;;;
;;;;;;;;;;;;;;;;;;;;;;;;;;;;;;;;;;;;;
;;;;;;;;;;;;;;;;;;;;;;;;;;;;;;;;;;;;;
;;;;;;;;;;;;;;;;;;;;;;;;;;;;;;;;;;;;;
;;;;;;;;;;;;;;;;;;;;;;;;;;;;;;;;;;;;;
;;;;;;;;;;;;;;;;;;;;;;;;;;;;;;;;;;;;;
;;;;;;;;;;;;;;;;;;;;;;;;;;;;;;;;;;;;;
;;;;;;;;;;;;;;;;;;;;;;;;;;;;;;;;;;;;;
;;;;;;;;;;;;;;;;;;;;;;;;;;;;;;;;;;;;;
;;;;;;;;;;;;;;;;;;;;;;;;;;;;;;;;;;;;;
;;;;;;;;;;;;;;;;;;;;;;;;;;;;;;;;;;;;;
;;;;;;;;;;;;;;;;;;;;;;;;;;;;;;;;;;;;;
;;;;;;;;;;;;;;;;;;;;;;;;;;;;;;;;;;;;;
;;;;;;;;;;;;;;;;;;;;;;;;;;;;;;;;;;;;;
;;;;;;;;;;;;;;;;;;;;;;;;;;;;;;;;;;;;;
;;;;;;;;;;;;;;;;;;;;;;;;;;;;;;;;;;;;;
;;;;;;;;;;;;;;;;;;;;;;;;;;;;;;;;;;;;;
;;;;;;;;;;;;;;;;;;;;;;;;;;;;;;;;;;;;;
;;;;;;;;;;;;;;;;;;;;;;;;;;;;;;;;;;;;;
;;;;;;;;;;;;;;;;;;;;;;;;;;;;;;;;;;;;;
;;;;;;;;;;;;;;;;;;;;;;;;;;;;;;;;;;;;;
;;;;;;;;;;;;;;;;;;;;;;;;;;;;;;;;;;;;;
;;;;;;;;;;;;;;;;;;;;;;;;;;;;;;;;;;;;;
;;;;;;;;;;;;;;;;;;;;;;;;;;;;;;;;;;;;;
;;;;;;;;;;;;;;;;;;;;;;;;;;;;;;;;;;;;;
;;;;;;;;;;;;;;;;;;;;;;;;;;;;;;;;;;;;;
;;;;;;;;;;;;;;;;;;;;;;;;;;;;;;;;;;;;;
;;;;;;;;;;;;;;;;;;;;;;;;;;;;;;;;;;;;;
;;;;;;;;;;;;;;;;;;;;;;;;;;;;;;;;;;;;;
;;;;;;;;;;;;;;;;;;;;;;;;;;;;;;;;;;;;;
;;;;;;;;;;;;;;;;;;;;;;;;;;;;;;;;;;;;;
;;;;;;;;;;;;;;;;;;;;;;;;;;;;;;;;;;;;;
;;;;;;;;;;;;;;;;;;;;;;;;;;;;;;;;;;;;;
;;;;;;;;;;;;;;;;;;;;;;;;;;;;;;;;;;;;;
;;;;;;;;;;;;;;;;;;;;;;;;;;;;;;;;;;;;;
;;;;;;;;;;;;;;;;;;;;;;;;;;;;;;;;;;;;;
;;;;;;;;;;;;;;;;;;;;;;;;;;;;;;;;;;;;;
;;;;;;;;;;;;;;;;;;;;;;;;;;;;;;;;;;;;;
;;;;;;;;;;;;;;;;;;;;;;;;;;;;;;;;;;;;;
;;;;;;;;;;;;;;;;;;;;;;;;;;;;;;;;;;;;;
;;;;;;;;;;;;;;;;;;;;;;;;;;;;;;;;;;;;;
;;;;;;;;;;;;;;;;;;;;;;;;;;;;;;;;;;;;;
;;;;;;;;;;;;;;;;;;;;;;;;;;;;;;;;;;;;;
;;;;;;;;;;;;;;;;;;;;;;;;;;;;;;;;;;;;;
;;;;;;;;;;;;;;;;;;;;;;;;;;;;;;;;;;;;;
;;;;;;;;;;;;;;;;;;;;;;;;;;;;;;;;;;;;;
;;;;;;;;;;;;;;;;;;;;;;;;;;;;;;;;;;;;;
;;;;;;;;;;;;;;;;;;;;;;;;;;;;;;;;;;;;;
;;;;;;;;;;;;;;;;;;;;;;;;;;;;;;;;;;;;;
;;;;;;;;;;;;;;;;;;;;;;;;;;;;;;;;;;;;;
;;;;;;;;;;;;;;;;;;;;;;;;;;;;;;;;;;;;;
;;;;;;;;;;;;;;;;;;;;;;;;;;;;;;;;;;;;;
;;;;;;;;;;;;;;;;;;;;;;;;;;;;;;;;;;;;;
;;;;;;;;;;;;;;;;;;;;;;;;;;;;;;;;;;;;;
;;;;;;;;;;;;;;;;;;;;;;;;;;;;;;;;;;;;;
;;;;;;;;;;;;;;;;;;;;;;;;;;;;;;;;;;;;;
;;;;;;;;;;;;;;;;;;;;;;;;;;;;;;;;;;;;;
;;;;;;;;;;;;;;;;;;;;;;;;;;;;;;;;;;;;;
;;;;;;;;;;;;;;;;;;;;;;;;;;;;;;;;;;;;;
;;;;;;;;;;;;;;;;;;;;;;;;;;;;;;;;;;;;;
;;;;;;;;;;;;;;;;;;;;;;;;;;;;;;;;;;;;;
;;;;;;;;;;;;;;;;;;;;;;;;;;;;;;;;;;;;;
;;;;;;;;;;;;;;;;;;;;;;;;;;;;;;;;;;;;;
;;;;;;;;;;;;;;;;;;;;;;;;;;;;;;;;;;;;;
;;;;;;;;;;;;;;;;;;;;;;;;;;;;;;;;;;;;;
;;;;;;;;;;;;;;;;;;;;;;;;;;;;;;;;;;;;;
;;;;;;;;;;;;;;;;;;;;;;;;;;;;;;;;;;;;;
;;;;;;;;;;;;;;;;;;;;;;;;;;;;;;;;;;;;;
;;;;;;;;;;;;;;;;;;;;;;;;;;;;;;;;;;;;;
;;;;;;;;;;;;;;;;;;;;;;;;;;;;;;;;;;;;;
;;;;;;;;;;;;;;;;;;;;;;;;;;;;;;;;;;;;;
;;;;;;;;;;;;;;;;;;;;;;;;;;;;;;;;;;;;;
;;;;;;;;;;;;;;;;;;;;;;;;;;;;;;;;;;;;;
;;;;;;;;;;;;;;;;;;;;;;;;;;;;;;;;;;;;;
;;;;;;;;;;;;;;;;;;;;;;;;;;;;;;;;;;;;;
;;;;;;;;;;;;;;;;;;;;;;;;;;;;;;;;;;;;;
;;;;;;;;;;;;;;;;;;;;;;;;;;;;;;;;;;;;;
;;;;;;;;;;;;;;;;;;;;;;;;;;;;;;;;;;;;;
;;;;;;;;;;;;;;;;;;;;;;;;;;;;;;;;;;;;;
;;;;;;;;;;;;;;;;;;;;;;;;;;;;;;;;;;;;;
;;;;;;;;;;;;;;;;;;;;;;;;;;;;;;;;;;;;;
;;;;;;;;;;;;;;;;;;;;;;;;;;;;;;;;;;;;;
;;;;;;;;;;;;;;;;;;;;;;;;;;;;;;;;;;;;;
;;;;;;;;;;;;;;;;;;;;;;;;;;;;;;;;;;;;;
;;;;;;;;;;;;;;;;;;;;;;;;;;;;;;;;;;;;;
;;;;;;;;;;;;;;;;;;;;;;;;;;;;;;;;;;;;;
;;;;;;;;;;;;;;;;;;;;;;;;;;;;;;;;;;;;;
;;;;;;;;;;;;;;;;;;;;;;;;;;;;;;;;;;;;;
;;;;;;;;;;;;;;;;;;;;;;;;;;;;;;;;;;;;;
;;;;;;;;;;;;;;;;;;;;;;;;;;;;;;;;;;;;;
;;;;;;;;;;;;;;;;;;;;;;;;;;;;;;;;;;;;;
;;;;;;;;;;;;;;;;;;;;;;;;;;;;;;;;;;;;;
;;;;;;;;;;;;;;;;;;;;;;;;;;;;;;;;;;;;;
;;;;;;;;;;;;;;;;;;;;;;;;;;;;;;;;;;;;;
;;;;;;;;;;;;;;;;;;;;;;;;;;;;;;;;;;;;;
;;;;;;;;;;;;;;;;;;;;;;;;;;;;;;;;;;;;;
;;;;;;;;;;;;;;;;;;;;;;;;;;;;;;;;;;;;;
;;;;;;;;;;;;;;;;;;;;;;;;;;;;;;;;;;;;;
;;;;;;;;;;;;;;;;;;;;;;;;;;;;;;;;;;;;;
;;;;;;;;;;;;;;;;;;;;;;;;;;;;;;;;;;;;;
;;;;;;;;;;;;;;;;;;;;;;;;;;;;;;;;;;;;;
;;;;;;;;;;;;;;;;;;;;;;;;;;;;;;;;;;;;;
;;;;;;;;;;;;;;;;;;;;;;;;;;;;;;;;;;;;;
;;;;;;;;;;;;;;;;;;;;;;;;;;;;;;;;;;;;;
;;;;;;;;;;;;;;;;;;;;;;;;;;;;;;;;;;;;;
;;;;;;;;;;;;;;;;;;;;;;;;;;;;;;;;;;;;;
;;;;;;;;;;;;;;;;;;;;;;;;;;;;;;;;;;;;;
;;;;;;;;;;;;;;;;;;;;;;;;;;;;;;;;;;;;;
;;;;;;;;;;;;;;;;;;;;;;;;;;;;;;;;;;;;;
;;;;;;;;;;;;;;;;;;;;;;;;;;;;;;;;;;;;;
;;;;;;;;;;;;;;;;;;;;;;;;;;;;;;;;;;;;;
;;;;;;;;;;;;;;;;;;;;;;;;;;;;;;;;;;;;;
;;;;;;;;;;;;;;;;;;;;;;;;;;;;;;;;;;;;;
;;;;;;;;;;;;;;;;;;;;;;;;;;;;;;;;;;;;;
;;;;;;;;;;;;;;;;;;;;;;;;;;;;;;;;;;;;;
;;;;;;;;;;;;;;;;;;;;;;;;;;;;;;;;;;;;;
;;;;;;;;;;;;;;;;;;;;;;;;;;;;;;;;;;;;;
;;;;;;;;;;;;;;;;;;;;;;;;;;;;;;;;;;;;;
;;;;;;;;;;;;;;;;;;;;;;;;;;;;;;;;;;;;;
;;;;;;;;;;;;;;;;;;;;;;;;;;;;;;;;;;;;;
;;;;;;;;;;;;;;;;;;;;;;;;;;;;;;;;;;;;;
;;;;;;;;;;;;;;;;;;;;;;;;;;;;;;;;;;;;;
;;;;;;;;;;;;;;;;;;;;;;;;;;;;;;;;;;;;;
;;;;;;;;;;;;;;;;;;;;;;;;;;;;;;;;;;;;;
;;;;;;;;;;;;;;;;;;;;;;;;;;;;;;;;;;;;;
;;;;;;;;;;;;;;;;;;;;;;;;;;;;;;;;;;;;;
;;;;;;;;;;;;;;;;;;;;;;;;;;;;;;;;;;;;;
;;;;;;;;;;;;;;;;;;;;;;;;;;;;;;;;;;;;;
;;;;;;;;;;;;;;;;;;;;;;;;;;;;;;;;;;;;;
;;;;;;;;;;;;;;;;;;;;;;;;;;;;;;;;;;;;;
;;;;;;;;;;;;;;;;;;;;;;;;;;;;;;;;;;;;;
;;;;;;;;;;;;;;;;;;;;;;;;;;;;;;;;;;;;;
;;;;;;;;;;;;;;;;;;;;;;;;;;;;;;;;;;;;;
;;;;;;;;;;;;;;;;;;;;;;;;;;;;;;;;;;;;;
;;;;;;;;;;;;;;;;;;;;;;;;;;;;;;;;;;;;;
;;;;;;;;;;;;;;;;;;;;;;;;;;;;;;;;;;;;;
;;;;;;;;;;;;;;;;;;;;;;;;;;;;;;;;;;;;;
;;;;;;;;;;;;;;;;;;;;;;;;;;;;;;;;;;;;;
;;;;;;;;;;;;;;;;;;;;;;;;;;;;;;;;;;;;;
;;;;;;;;;;;;;;;;;;;;;;;;;;;;;;;;;;;;;
;;;;;;;;;;;;;;;;;;;;;;;;;;;;;;;;;;;;;
;;;;;;;;;;;;;;;;;;;;;;;;;;;;;;;;;;;;;
;;;;;;;;;;;;;;;;;;;;;;;;;;;;;;;;;;;;;
;;;;;;;;;;;;;;;;;;;;;;;;;;;;;;;;;;;;;
;;;;;;;;;;;;;;;;;;;;;;;;;;;;;;;;;;;;;
;;;;;;;;;;;;;;;;;;;;;;;;;;;;;;;;;;;;;
;;;;;;;;;;;;;;;;;;;;;;;;;;;;;;;;;;;;;
;;;;;;;;;;;;;;;;;;;;;;;;;;;;;;;;;;;;;
;;;;;;;;;;;;;;;;;;;;;;;;;;;;;;;;;;;;;
;;;;;;;;;;;;;;;;;;;;;;;;;;;;;;;;;;;;;
;;;;;;;;;;;;;;;;;;;;;;;;;;;;;;;;;;;;;
;;;;;;;;;;;;;;;;;;;;;;;;;;;;;;;;;;;;;
;;;;;;;;;;;;;;;;;;;;;;;;;;;;;;;;;;;;;
;;;;;;;;;;;;;;;;;;;;;;;;;;;;;;;;;;;;;
;;;;;;;;;;;;;;;;;;;;;;;;;;;;;;;;;;;;;
;;;;;;;;;;;;;;;;;;;;;;;;;;;;;;;;;;;;;
;;;;;;;;;;;;;;;;;;;;;;;;;;;;;;;;;;;;;
;;;;;;;;;;;;;;;;;;;;;;;;;;;;;;;;;;;;;
;;;;;;;;;;;;;;;;;;;;;;;;;;;;;;;;;;;;;
;;;;;;;;;;;;;;;;;;;;;;;;;;;;;;;;;;;;;
;;;;;;;;;;;;;;;;;;;;;;;;;;;;;;;;;;;;;
;;;;;;;;;;;;;;;;;;;;;;;;;;;;;;;;;;;;;
;;;;;;;;;;;;;;;;;;;;;;;;;;;;;;;;;;;;;
;;;;;;;;;;;;;;;;;;;;;;;;;;;;;;;;;;;;;
;;;;;;;;;;;;;;;;;;;;;;;;;;;;;;;;;;;;;
;;;;;;;;;;;;;;;;;;;;;;;;;;;;;;;;;;;;;
;;;;;;;;;;;;;;;;;;;;;;;;;;;;;;;;;;;;;
;;;;;;;;;;;;;;;;;;;;;;;;;;;;;;;;;;;;;
;;;;;;;;;;;;;;;;;;;;;;;;;;;;;;;;;;;;;
;;;;;;;;;;;;;;;;;;;;;;;;;;;;;;;;;;;;;
;;;;;;;;;;;;;;;;;;;;;;;;;;;;;;;;;;;;;
;;;;;;;;;;;;;;;;;;;;;;;;;;;;;;;;;;;;;
;;;;;;;;;;;;;;;;;;;;;;;;;;;;;;;;;;;;;
;;;;;;;;;;;;;;;;;;;;;;;;;;;;;;;;;;;;;
;;;;;;;;;;;;;;;;;;;;;;;;;;;;;;;;;;;;;
;;;;;;;;;;;;;;;;;;;;;;;;;;;;;;;;;;;;;
;;;;;;;;;;;;;;;;;;;;;;;;;;;;;;;;;;;;;
;;;;;;;;;;;;;;;;;;;;;;;;;;;;;;;;;;;;;
;;;;;;;;;;;;;;;;;;;;;;;;;;;;;;;;;;;;;
;;;;;;;;;;;;;;;;;;;;;;;;;;;;;;;;;;;;;
;;;;;;;;;;;;;;;;;;;;;;;;;;;;;;;;;;;;;
;;;;;;;;;;;;;;;;;;;;;;;;;;;;;;;;;;;;;
;;;;;;;;;;;;;;;;;;;;;;;;;;;;;;;;;;;;;
;;;;;;;;;;;;;;;;;;;;;;;;;;;;;;;;;;;;;
;;;;;;;;;;;;;;;;;;;;;;;;;;;;;;;;;;;;;
;;;;;;;;;;;;;;;;;;;;;;;;;;;;;;;;;;;;;
;;;;;;;;;;;;;;;;;;;;;;;;;;;;;;;;;;;;;
;;;;;;;;;;;;;;;;;;;;;;;;;;;;;;;;;;;;;
;;;;;;;;;;;;;;;;;;;;;;;;;;;;;;;;;;;;;
;;;;;;;;;;;;;;;;;;;;;;;;;;;;;;;;;;;;;
;;;;;;;;;;;;;;;;;;;;;;;;;;;;;;;;;;;;;
;;;;;;;;;;;;;;;;;;;;;;;;;;;;;;;;;;;;;
;;;;;;;;;;;;;;;;;;;;;;;;;;;;;;;;;;;;;
;;;;;;;;;;;;;;;;;;;;;;;;;;;;;;;;;;;;;
;;;;;;;;;;;;;;;;;;;;;;;;;;;;;;;;;;;;;
;;;;;;;;;;;;;;;;;;;;;;;;;;;;;;;;;;;;;
;;;;;;;;;;;;;;;;;;;;;;;;;;;;;;;;;;;;;
;;;;;;;;;;;;;;;;;;;;;;;;;;;;;;;;;;;;;
;;;;;;;;;;;;;;;;;;;;;;;;;;;;;;;;;;;;;
;;;;;;;;;;;;;;;;;;;;;;;;;;;;;;;;;;;;;
;;;;;;;;;;;;;;;;;;;;;;;;;;;;;;;;;;;;;
;;;;;;;;;;;;;;;;;;;;;;;;;;;;;;;;;;;;;
;;;;;;;;;;;;;;;;;;;;;;;;;;;;;;;;;;;;;
;;;;;;;;;;;;;;;;;;;;;;;;;;;;;;;;;;;;;
;;;;;;;;;;;;;;;;;;;;;;;;;;;;;;;;;;;;;
;;;;;;;;;;;;;;;;;;;;;;;;;;;;;;;;;;;;;
;;;;;;;;;;;;;;;;;;;;;;;;;;;;;;;;;;;;;
;;;;;;;;;;;;;;;;;;;;;;;;;;;;;;;;;;;;;
;;;;;;;;;;;;;;;;;;;;;;;;;;;;;;;;;;;;;
;;;;;;;;;;;;;;;;;;;;;;;;;;;;;;;;;;;;;
;;;;;;;;;;;;;;;;;;;;;;;;;;;;;;;;;;;;;
;;;;;;;;;;;;;;;;;;;;;;;;;;;;;;;;;;;;;
;;;;;;;;;;;;;;;;;;;;;;;;;;;;;;;;;;;;;
;;;;;;;;;;;;;;;;;;;;;;;;;;;;;;;;;;;;;
;;;;;;;;;;;;;;;;;;;;;;;;;;;;;;;;;;;;;
;;;;;;;;;;;;;;;;;;;;;;;;;;;;;;;;;;;;;
;;;;;;;;;;;;;;;;;;;;;;;;;;;;;;;;;;;;;
;;;;;;;;;;;;;;;;;;;;;;;;;;;;;;;;;;;;;
;;;;;;;;;;;;;;;;;;;;;;;;;;;;;;;;;;;;;
;;;;;;;;;;;;;;;;;;;;;;;;;;;;;;;;;;;;;
;;;;;;;;;;;;;;;;;;;;;;;;;;;;;;;;;;;;;
;;;;;;;;;;;;;;;;;;;;;;;;;;;;;;;;;;;;;
;;;;;;;;;;;;;;;;;;;;;;;;;;;;;;;;;;;;;
;;;;;;;;;;;;;;;;;;;;;;;;;;;;;;;;;;;;;
;;;;;;;;;;;;;;;;;;;;;;;;;;;;;;;;;;;;;
;;;;;;;;;;;;;;;;;;;;;;;;;;;;;;;;;;;;;
;;;;;;;;;;;;;;;;;;;;;;;;;;;;;;;;;;;;;
;;;;;;;;;;;;;;;;;;;;;;;;;;;;;;;;;;;;;
;;;;;;;;;;;;;;;;;;;;;;;;;;;;;;;;;;;;;
;;;;;;;;;;;;;;;;;;;;;;;;;;;;;;;;;;;;;
;;;;;;;;;;;;;;;;;;;;;;;;;;;;;;;;;;;;;
;;;;;;;;;;;;;;;;;;;;;;;;;;;;;;;;;;;;;
;;;;;;;;;;;;;;;;;;;;;;;;;;;;;;;;;;;;;
;;;;;;;;;;;;;;;;;;;;;;;;;;;;;;;;;;;;;
;;;;;;;;;;;;;;;;;;;;;;;;;;;;;;;;;;;;;
;;;;;;;;;;;;;;;;;;;;;;;;;;;;;;;;;;;;;
;;;;;;;;;;;;;;;;;;;;;;;;;;;;;;;;;;;;;
;;;;;;;;;;;;;;;;;;;;;;;;;;;;;;;;;;;;;
;;;;;;;;;;;;;;;;;;;;;;;;;;;;;;;;;;;;;
;;;;;;;;;;;;;;;;;;;;;;;;;;;;;;;;;;;;;
;;;;;;;;;;;;;;;;;;;;;;;;;;;;;;;;;;;;;
;;;;;;;;;;;;;;;;;;;;;;;;;;;;;;;;;;;;;
;;;;;;;;;;;;;;;;;;;;;;;;;;;;;;;;;;;;;
;;;;;;;;;;;;;;;;;;;;;;;;;;;;;;;;;;;;;
;;;;;;;;;;;;;;;;;;;;;;;;;;;;;;;;;;;;;
;;;;;;;;;;;;;;;;;;;;;;;;;;;;;;;;;;;;;
;;;;;;;;;;;;;;;;;;;;;;;;;;;;;;;;;;;;;
;;;;;;;;;;;;;;;;;;;;;;;;;;;;;;;;;;;;;
;;;;;;;;;;;;;;;;;;;;;;;;;;;;;;;;;;;;;
;;;;;;;;;;;;;;;;;;;;;;;;;;;;;;;;;;;;;
;;;;;;;;;;;;;;;;;;;;;;;;;;;;;;;;;;;;;
;;;;;;;;;;;;;;;;;;;;;;;;;;;;;;;;;;;;;
;;;;;;;;;;;;;;;;;;;;;;;;;;;;;;;;;;;;;
;;;;;;;;;;;;;;;;;;;;;;;;;;;;;;;;;;;;;
;;;;;;;;;;;;;;;;;;;;;;;;;;;;;;;;;;;;;
;;;;;;;;;;;;;;;;;;;;;;;;;;;;;;;;;;;;;
;;;;;;;;;;;;;;;;;;;;;;;;;;;;;;;;;;;;;
;;;;;;;;;;;;;;;;;;;;;;;;;;;;;;;;;;;;;
;;;;;;;;;;;;;;;;;;;;;;;;;;;;;;;;;;;;;
;;;;;;;;;;;;;;;;;;;;;;;;;;;;;;;;;;;;;
;;;;;;;;;;;;;;;;;;;;;;;;;;;;;;;;;;;;;
;;;;;;;;;;;;;;;;;;;;;;;;;;;;;;;;;;;;;
;;;;;;;;;;;;;;;;;;;;;;;;;;;;;;;;;;;;;
;;;;;;;;;;;;;;;;;;;;;;;;;;;;;;;;;;;;;
;;;;;;;;;;;;;;;;;;;;;;;;;;;;;;;;;;;;;
;;;;;;;;;;;;;;;;;;;;;;;;;;;;;;;;;;;;;
;;;;;;;;;;;;;;;;;;;;;;;;;;;;;;;;;;;;;
;;;;;;;;;;;;;;;;;;;;;;;;;;;;;;;;;;;;;
;;;;;;;;;;;;;;;;;;;;;;;;;;;;;;;;;;;;;
;;;;;;;;;;;;;;;;;;;;;;;;;;;;;;;;;;;;;
;;;;;;;;;;;;;;;;;;;;;;;;;;;;;;;;;;;;;
;;;;;;;;;;;;;;;;;;;;;;;;;;;;;;;;;;;;;
;;;;;;;;;;;;;;;;;;;;;;;;;;;;;;;;;;;;;
;;;;;;;;;;;;;;;;;;;;;;;;;;;;;;;;;;;;;
;;;;;;;;;;;;;;;;;;;;;;;;;;;;;;;;;;;;;
;;;;;;;;;;;;;;;;;;;;;;;;;;;;;;;;;;;;;
;;;;;;;;;;;;;;;;;;;;;;;;;;;;;;;;;;;;;
;;;;;;;;;;;;;;;;;;;;;;;;;;;;;;;;;;;;;
;;;;;;;;;;;;;;;;;;;;;;;;;;;;;;;;;;;;;
;;;;;;;;;;;;;;;;;;;;;;;;;;;;;;;;;;;;;
